establecim,tecnologia,provincia,departamento,paraje,pueblo_originario,geom,geojson
",Fotovoltaico,SANTIAGO DEL ESTERO,OJO DE AGUA,Campo Alegre,No,0101000020E6100000894160E5D01250C0EEEBC039237A3DC0,""{""""type"""":""""Point"""",""""coordinates"""":[-64.294,-29.4771]}"""
"Escuela N 104 Ojo de Agua,Fotovoltaico,JUJUY,SANTA BARBARA,,Quechua,0101000020E6100000550BF4A2D91350C01AB955ADD84138C0,""{""""type"""":""""Point"""",""""coordinates"""":[-64.31015848,-24.25721248]}"""
"Escuela N 319 San Antonio Maria Claret,Fotovoltaico,JUJUY,SANTA CATALINA,,Quechua,0101000020E6100000FFED7043258B50C0D95F5541350036C0,""{""""type"""":""""Point"""",""""coordinates"""":[-66.17414938,-22.00081261]}"""
"Escuela N 250,Fotovoltaico,JUJUY,YAVI,,Quechua,0101000020E610000030536A61DC7450C0716E550A685436C0,""{""""type"""":""""Point"""",""""coordinates"""":[-65.82595096,-22.32971253]}"""
"Escuela N 248 Nuestra Sra. Del Rosario de Rio Blanco y Paypaya,Fotovoltaico,JUJUY,VALLE GRANDE,,Quechua,0101000020E61000002121A9094B3F50C077425486165B37C0,""{""""type"""":""""Point"""",""""coordinates"""":[-64.98895494,-23.35581245]}"""
"Escuela N 369 Lucia Rueda,Fotovoltaico,JUJUY,SANTA CATALINA,,Quechua,0101000020E61000006EB85531118C50C011361BAF69E035C0,""{""""type"""":""""Point"""",""""coordinates"""":[-66.18854936,-21.87661261]}"""
"Escuela N 193 Baldomero Fernandez Moreno,Fotovoltaico,JUJUY,HUMAHUACA,,Quechua,0101000020E6100000335A81005D6B50C0E2B96BC7DC5737C0,""{""""type"""":""""Point"""",""""coordinates"""":[-65.67755139,-23.34321257]}"""
"Escuela N 133 Pte. Juan Domingo Peron,Fotovoltaico,JUJUY,TILCARA,,Quechua,0101000020E61000003AB72294EB4F50C08C8F26499D7237C0,""{""""type"""":""""Point"""",""""coordinates"""":[-65.24875358,-23.44771249]}"""
"Escuela 232 Mariano Moreno,Fotovoltaico,JUJUY,LIBERTADOR GENERAL SAN MARTIN,,Quechua,0101000020E6100000155D7237E34550C0D264106965DC37C0,""{""""type"""":""""Point"""",""""coordinates"""":[-65.0919932,-23.8609224]}"""
"Escuela N 189 Brigadier Gral. Juan Quiroga,Fotovoltaico,JUJUY,SUSQUES,,Quechua,0101000020E610000089981249F49550C0055262D7F63A37C0,""{""""type"""":""""Point"""",""""coordinates"""":[-66.343035,-23.230329]}"""
"Escuela secundaria rural N 2 Olaroz Chico,Fotovoltaico,JUJUY,SUSQUES,,Quechua,0101000020E61000000E1FA6B75EB350C092808758B36437C0,""{""""type"""":""""Point"""",""""coordinates"""":[-66.80265609,-23.3933616]}"""
"Escuela N 49 Nuestra Senora de la Medalla Milagrosa,Fotovoltaico,JUJUY,SANTA CATALINA,,Quechua,0101000020E610000073BBB809CE9050C0CF7FD5B231F635C0,""{""""type"""":""""Point"""",""""coordinates"""":[-66.26257556,-21.96169584]}"""
"Escuela N 462,Fotovoltaico,JUJUY,TUMBAYA,,Quechua,0101000020E6100000F69950146A7F50C06A46ABFF18E537C0,""{""""type"""":""""Point"""",""""coordinates"""":[-65.99084957,-23.8949127]}"""
"Escuela N 206,Fotovoltaico,JUJUY,HUMAHUACA,,Quechua,0101000020E6100000D77E5B45796650C07A90F9DBF95037C0,""{""""type"""":""""Point"""",""""coordinates"""":[-65.60115179,-23.31631255]}"""
"Escuela N 215,Fotovoltaico,JUJUY,HUMAHUACA,,Quechua,0101000020E6100000BD6B96EC146350C0A477437D3F2737C0,""{""""type"""":""""Point"""",""""coordinates"""":[-65.54815211,-23.15331252]}"""
"Escuela N 305 Ejercito Argentino,Fotovoltaico,JUJUY,HUMAHUACA,,Quechua,0101000020E610000061E50ACE645C50C0F241CF66D52937C0,""{""""type"""":""""Point"""",""""coordinates"""":[-65.44365264,-23.1634125]}"""
"Escuela N 316 Conscripto Teodoro Laguna,Fotovoltaico,JUJUY,HUMAHUACA,,Quechua,0101000020E61000001172BDF15E6350C06F82B1B6103937C0,""{""""type"""":""""Point"""",""""coordinates"""":[-65.55266994,-23.22291128]}"""
"Escuela secundaria rural N 2 Vizcarra,Fotovoltaico,JUJUY,HUMAHUACA,,Quechua,0101000020E6100000D1008349166350C08AF171D8432737C0,""{""""type"""":""""Point"""",""""coordinates"""":[-65.5482353,-23.15337899]}"""
"Escuela N 352,Fotovoltaico,JUJUY,TILCARA,,Quechua,0101000020E610000051A9E9E53D5750C0DF7890014D9637C0,""{""""type"""":""""Point"""",""""coordinates"""":[-65.36315296,-23.58711252]}"""
"Escuela N 315,Fotovoltaico,JUJUY,COCHINOCA,,Quechua,0101000020E6100000EDA1F973BC6250C0806BFECA10A936C0,""{""""type"""":""""Point"""",""""coordinates"""":[-65.54275226,-22.66041249]}"""
"Escuela N 331,Fotovoltaico,JUJUY,COCHINOCA,,Quechua,0101000020E61000007906CBE0416250C05DB928C46DC836C0,""{""""type"""":""""Point"""",""""coordinates"""":[-65.53527088,-22.7829249]}"""
"Escuela N 373,Fotovoltaico,JUJUY,TUMBAYA,,Quechua,0101000020E610000014D7C612B56450C016ED9EFA0FAB37C0,""{""""type"""":""""Point"""",""""coordinates"""":[-65.57355184,-23.66821257]}"""
"Escuela N 93,Fotovoltaico,JUJUY,TUMBAYA,,Quechua,0101000020E6100000BE4B0C76816650C052F6334803BA37C0,""{""""type"""":""""Point"""",""""coordinates"""":[-65.60165168,-23.72661258]}"""
",Fotovoltaico,NEUQUEN,COLLON CURA,Saï¿½ico,No,0101000020E61000005EBA490C029B51C0AB3E575BB10F44C0,""{""""type"""":""""Point"""",""""coordinates"""":[-70.422,-40.1226]}"""
"E.P.N 126,Fotovoltaico,NEUQUEN,COLLON CURA,,No,0101000020E61000005EBA490C029B51C0AB3E575BB10F44C0,""{""""type"""":""""Point"""",""""coordinates"""":[-70.422,-40.1226]}"""
"E.P. N 217,Fotovoltaico,NEUQUEN,ZAPALA,,No,0101000020E61000008E5DDC25B59951C0B3C3CA2E398D43C0,""{""""type"""":""""Point"""",""""coordinates"""":[-70.40168139,-39.10330758]}"""
"E.P. N 110,Fotovoltaico,NEUQUEN,LONCOPUE,,No,0101000020E61000000547D11CBC9751C04F84E4CF7DF142C0,""{""""type"""":""""Point"""",""""coordinates"""":[-70.37085648,-37.88665198]}"""
"E.P. N 320,Fotovoltaico,NEUQUEN,CATAN LIL,,No,0101000020E6100000EB200AC185B051C061F6151870E643C0,""{""""type"""":""""Point"""",""""coordinates"""":[-70.7581637,-39.80029584]}"""
"E.P. N 208,Fotovoltaico,NEUQUEN,LONCOPUE,,No,0101000020E6100000EA456946B1B051C03DF41759B60443C0,""{""""type"""":""""Point"""",""""coordinates"""":[-70.76082001,-38.03681482]}"""
",Fotovoltaico,NEUQUEN,ZAPALA,Carro Quebrado,Mapuche,0101000020E6100000FAEDEBC0397B51C02D431CEBE29643C0,""{""""type"""":""""Point"""",""""coordinates"""":[-69.9254,-39.1788]}"""
"E.P. 316 Comunidad Mapuche Gramajo,Fotovoltaico,NEUQUEN,ZAPALA,,Mapuche,0101000020E6100000FAEDEBC0397B51C02D431CEBE29643C0,""{""""type"""":""""Point"""",""""coordinates"""":[-69.9254,-39.1788]}"""
",Fotovoltaico,NEUQUEN,CATAN LIL,Agua del Overo,Mapuche,0101000020E610000060E5D022DB8951C0C74B378941A843C0,""{""""type"""":""""Point"""",""""coordinates"""":[-70.154,-39.3145]}"""
"E.P.N 290,Fotovoltaico,NEUQUEN,CATAN LIL,,Mapuche,0101000020E610000060E5D022DB8951C0C74B378941A843C0,""{""""type"""":""""Point"""",""""coordinates"""":[-70.154,-39.3145]}"""
"E.P. N 247,Fotovoltaico,NEUQUEN,CATAN LIL,,No,0101000020E610000013993DF9C99151C024558805C6BF43C0,""{""""type"""":""""Point"""",""""coordinates"""":[-70.27795249,-39.49823064]}"""
",Fotovoltaico,NEUQUEN,COLLON CURA,Paso Yuncon,No,0101000020E6100000029A081B9E8A51C0022B8716D92644C0,""{""""type"""":""""Point"""",""""coordinates"""":[-70.1659,-40.3035]}"""
",Fotovoltaico,NEUQUEN,COLLON CURA,Carran Cura,No,0101000020E6100000CCEEC9C3429551C0EFC9C342AD0144C0,""{""""type"""":""""Point"""",""""coordinates"""":[-70.3322,-40.0131]}"""
"E.P.N 233,Fotovoltaico,NEUQUEN,COLLON CURA,,No,0101000020E6100000029A081B9E8A51C0022B8716D92644C0,""{""""type"""":""""Point"""",""""coordinates"""":[-70.1659,-40.3035]}"""
"E.P.N 84,Fotovoltaico,NEUQUEN,COLLON CURA,,No,0101000020E6100000CCEEC9C3429551C0EFC9C342AD0144C0,""{""""type"""":""""Point"""",""""coordinates"""":[-70.3322,-40.0131]}"""
",Fotovoltaico,NEUQUEN,ZAPALA,Laguna Miranda,Mapuche,0101000020E6100000C58F31772D9151C0DD240681957343C0,""{""""type"""":""""Point"""",""""coordinates"""":[-70.2684,-38.903]}"""
"E.P.N 218,Fotovoltaico,NEUQUEN,ZAPALA,,Mapuche,0101000020E6100000C58F31772D9151C0DD240681957343C0,""{""""type"""":""""Point"""",""""coordinates"""":[-70.2684,-38.903]}"""
"E.P. N 251 Provincia de La Rioja,Fotovoltaico,NEUQUEN,PEHUENCHES,,No,0101000020E6100000082B4644CE7D51C088B34BE9D3A842C0,""{""""type"""":""""Point"""",""""coordinates"""":[-69.96571452,-37.31896702]}"""
"E.P. N 173,Fotovoltaico,NEUQUEN,PEHUENCHES,,No,0101000020E6100000C00DAD254F6A51C09DCA92CEFAB942C0,""{""""type"""":""""Point"""",""""coordinates"""":[-69.66108076,-37.45296652]}"""
"E.P. N 127,Fotovoltaico,NEUQUEN,PEHUENCHES,,No,0101000020E6100000B36C5AE7E78451C0A90650429FB042C0,""{""""type"""":""""Point"""",""""coordinates"""":[-70.07665428,-37.3798602]}"""
"E.P. N 252,Fotovoltaico,NEUQUEN,HUILICHES,,No,0101000020E61000002A8B4667AEDF51C0A5AA223F8FDF43C0,""{""""type"""":""""Point"""",""""coordinates"""":[-71.49501974,-39.74655904]}"""
"Planta de Campamento Educativo Nonthue,Fotovoltaico,NEUQUEN,Lacar,,No,0101000020E6100000BB5E9A22C0E751C0C2172653051344C0,""{""""type"""":""""Point"""",""""coordinates"""":[-71.621102,-40.1486]}"""
"E.P. N 117,Fotovoltaico,NEUQUEN,LACAR,,No,0101000020E61000000DC6A9520AD151C074F9E669863144C0,""{""""type"""":""""Point"""",""""coordinates"""":[-71.26625506,-40.38691448]}"""
",Fotovoltaico,RIO NEGRO,PILCANIYEU,Cerro Alto/ Cerro El Pantanoso,No,0101000020E61000006632DAB215A551C075FA49CE6C5D44C0,""{""""type"""":""""Point"""",""""coordinates"""":[-70.57944938,-40.72988299]}"""
"E.P. N 197,Fotovoltaico,RIO NEGRO,PILCANIYEU,,No,0101000020E61000006632DAB215A551C075FA49CE6C5D44C0,""{""""type"""":""""Point"""",""""coordinates"""":[-70.57944938,-40.72988299]}"""
"Escuela Hogar N 307,Fotovoltaico,RIO NEGRO,NORQUINCO,,No,0101000020E61000001CB0EDE5A5AD51C0B3CE7CF75CD744C0,""{""""type"""":""""Point"""",""""coordinates"""":[-70.71325062,-41.68252462]}"""
",Fotovoltaico,RIO NEGRO,PILCANIYEU,Corralito,No,0101000020E6100000CE1D79F772AD51C02030E619C15C44C0,""{""""type"""":""""Point"""",""""coordinates"""":[-70.71014201,-40.72464298]}"""
"E.P. N 180,Fotovoltaico,RIO NEGRO,PILCANIYEU,,No,0101000020E6100000CE1D79F772AD51C02030E619C15C44C0,""{""""type"""":""""Point"""",""""coordinates"""":[-70.71014201,-40.72464298]}"""
",Fotovoltaico,RIO NEGRO,ÃORQUINCO,Ojos de Agua,No,0101000020E610000048D34D20B47751C0E834EAA552C744C0,""{""""type"""":""""Point"""",""""coordinates"""":[-69.87036903,-41.55720972]}"""
"Escuela N 332,Fotovoltaico,RIO NEGRO,NORQUINCO,,No,0101000020E610000048D34D20B47751C0E834EAA552C744C0,""{""""type"""":""""Point"""",""""coordinates"""":[-69.87036903,-41.55720972]}"""
",Fotovoltaico,RIO NEGRO,PILCANIYEU,Caï¿½adï¿½n Chileno,No,0101000020E61000004E7785DB6D8151C0FBD03FA0B77144C0,""{""""type"""":""""Point"""",""""coordinates"""":[-70.02233017,-40.88841632]}"""
",Fotovoltaico,RIO NEGRO,PILCANIYEU,Pilquinyeu Del Limay,Mapuche,0101000020E61000003067740FA28151C094FD2DE0E94144C0,""{""""type"""":""""Point"""",""""coordinates"""":[-70.02551638,-40.51494982]}"""
"Escuela Hogar 152,Fotovoltaico,RIO NEGRO,PILCANIYEU,,No,0101000020E61000004E7785DB6D8151C0FBD03FA0B77144C0,""{""""type"""":""""Point"""",""""coordinates"""":[-70.02233017,-40.88841632]}"""
"Escuela Hogar N 120,Fotovoltaico,RIO NEGRO,PILCANIYEU,,Mapuche,0101000020E61000003067740FA28151C094FD2DE0E94144C0,""{""""type"""":""""Point"""",""""coordinates"""":[-70.02551638,-40.51494982]}"""
",Fotovoltaico,RIO NEGRO,PILCANIYEU,Anecï¿½n Grande,No,0101000020E61000007359F923949151C0F874129D27A944C0,""{""""type"""":""""Point"""",""""coordinates"""":[-70.27466678,-41.32152141]}"""
"Escuela Hogar N 158,Fotovoltaico,RIO NEGRO,PILCANIYEU,,No,0101000020E61000007359F923949151C0F874129D27A944C0,""{""""type"""":""""Point"""",""""coordinates"""":[-70.27466678,-41.32152141]}"""
",Fotovoltaico,RIO NEGRO,25 DE MAYO,Colan Conhue,No,0101000020E6100000238F75ABC64651C0F94A41335F5544C0,""{""""type"""":""""Point"""",""""coordinates"""":[-69.10587584,-40.66696778]}"""
"E.P. N 94,Fotovoltaico,RIO NEGRO,25 DE MAYO,,No,0101000020E6100000238F75ABC64651C0F94A41335F5544C0,""{""""type"""":""""Point"""",""""coordinates"""":[-69.10587584,-40.66696778]}"""
",Fotovoltaico,RIO NEGRO,EL CUY,Aguada Guzmï¿½n,No,0101000020E6100000235378AFDE3751C0F6DE4A3CC1FD43C0,""{""""type"""":""""Point"""",""""coordinates"""":[-68.87296664,-39.98245958]}"""
"Escuela Hogar N 216,Fotovoltaico,RIO NEGRO,EL CUY,,No,0101000020E6100000235378AFDE3751C0F6DE4A3CC1FD43C0,""{""""type"""":""""Point"""",""""coordinates"""":[-68.87296664,-39.98245958]}"""
",Fotovoltaico,RIO NEGRO,ÃORQUINCO,Lipetrï¿½n Grande,No,0101000020E61000002254CAE76C7251C0BC2DE453F8E044C0,""{""""type"""":""""Point"""",""""coordinates"""":[-69.78789706,-41.75757836]}"""
",Fotovoltaico,RIO NEGRO,ÃORQUINCO,Lipetren Chico,No,0101000020E6100000533BE4E27F6E51C05EE6E8AFDFF544C0,""{""""type"""":""""Point"""",""""coordinates"""":[-69.72655556,-41.92088889]}"""
"E.P. N 22,Fotovoltaico,RIO NEGRO,NORQUINCO,,No,0101000020E61000002254CAE76C7251C0BC2DE453F8E044C0,""{""""type"""":""""Point"""",""""coordinates"""":[-69.78789706,-41.75757836]}"""
"Escuela Hogar N 83,Fotovoltaico,RIO NEGRO,NORQUINCO,,No,0101000020E6100000533BE4E27F6E51C05EE6E8AFDFF544C0,""{""""type"""":""""Point"""",""""coordinates"""":[-69.72655556,-41.92088889]}"""
",Fotovoltaico,RIO NEGRO,25 DE MAYO,Atraico,Mapuche,0101000020E6100000861EEF5D1C6151C09C9A159BA0C144C0,""{""""type"""":""""Point"""",""""coordinates"""":[-69.51735638,-41.5127138]}"""
"E.P. N 65,Fotovoltaico,RIO NEGRO,25 DE MAYO,,Mapuche,0101000020E6100000861EEF5D1C6151C09C9A159BA0C144C0,""{""""type"""":""""Point"""",""""coordinates"""":[-69.51735638,-41.5127138]}"""
",Fotovoltaico,RIO NEGRO,EL CUY,Naupa Huen,No,0101000020E6100000396F52878B6051C04219D3E15BEA43C0,""{""""type"""":""""Point"""",""""coordinates"""":[-69.50851615,-39.83092902]}"""
"Escuela Hogar N 217,Fotovoltaico,RIO NEGRO,EL CUY,,No,0101000020E6100000396F52878B6051C04219D3E15BEA43C0,""{""""type"""":""""Point"""",""""coordinates"""":[-69.50851615,-39.83092902]}"""
",Fotovoltaico,RIO NEGRO,PILCANIYEU,Laguna Blanca,No,0101000020E6100000DA3610BBC47551C09F11D7F7825C44C0,""{""""type"""":""""Point"""",""""coordinates"""":[-69.84013249,-40.72274683]}"""
"Escuela Hogar N 162,Fotovoltaico,RIO NEGRO,PILCANIYEU,,No,0101000020E6100000DA3610BBC47551C09F11D7F7825C44C0,""{""""type"""":""""Point"""",""""coordinates"""":[-69.84013249,-40.72274683]}"""
",Fotovoltaico,RIO NEGRO,VALCHETA,Arroyo Tembrao,No,0101000020E610000084249ADDA69550C0D9388BAC6F9B44C0,""{""""type"""":""""Point"""",""""coordinates"""":[-66.33830967,-41.21434552]}"""
",Fotovoltaico,RIO NEGRO,VALCHETA,Chipauquil,Mapuche,0101000020E61000009D3CFA9919A950C0D2853F60F17A44C0,""{""""type"""":""""Point"""",""""coordinates"""":[-66.64218759,-40.96049121]}"""
"Escuela Hogar N 72,Fotovoltaico,RIO NEGRO,VALCHETA,,No,0101000020E610000084249ADDA69550C04ABF75AC6F9B44C0,""{""""type"""":""""Point"""",""""coordinates"""":[-66.33830967,-41.21434551]}"""
"Escuela N 194,Fotovoltaico,RIO NEGRO,VALCHETA,,Mapuche,0101000020E61000009D3CFA9919A950C0D2853F60F17A44C0,""{""""type"""":""""Point"""",""""coordinates"""":[-66.64218759,-40.96049121]}"""
",Fotovoltaico,RIO NEGRO,25 DE MAYO,Queupu Niyeu,No,0101000020E610000063E2A0CEE60A51C0B73C7BD3992444C0,""{""""type"""":""""Point"""",""""coordinates"""":[-68.17033735,-40.2859444]}"""
",Fotovoltaico,RIO NEGRO,25 DE MAYO,Pilquinyeu,No,0101000020E610000041EE435A7A1651C084754E7995EA44C0,""{""""type"""":""""Point"""",""""coordinates"""":[-68.35121781,-41.83268658]}"""
"Escuela Hogar N 76,Fotovoltaico,RIO NEGRO,25 DE MAYO,,No,0101000020E610000041EE435A7A1651C084754E7995EA44C0,""{""""type"""":""""Point"""",""""coordinates"""":[-68.35121781,-41.83268658]}"""
"Escuela N 227,Fotovoltaico,RIO NEGRO,9 DE JULIO,,No,0101000020E610000063E2A0CEE60A51C0B73C7BD3992444C0,""{""""type"""":""""Point"""",""""coordinates"""":[-68.17033735,-40.2859444]}"""
"E.P.B. / J.I.R.M.M. 3 / 4 PROVINCIA DE TUCUMAN,Fotovoltaico,BUENOS AIRES,DAIREAUX,,No,0101000020E61000009816D43B05E94EC0A5EC5F1F3E4342C0,""{""""type"""":""""Point"""",""""coordinates"""":[-61.82047222,-36.52533333]}"""
",Fotovoltaico,BUENOS AIRES,LAS FLORES,Plaza Montero,No,0101000020E610000018265305A3924DC03480B740821242C0,""{""""type"""":""""Point"""",""""coordinates"""":[-59.1456,-36.1446]}"""
",Fotovoltaico,BUENOS AIRES,LAS FLORES,La Cubana,No,0101000020E610000025068195439B4DC06B9A779CA21B42C0,""{""""type"""":""""Point"""",""""coordinates"""":[-59.213,-36.2159]}"""
",Fotovoltaico,BUENOS AIRES,LAS FLORES,La Espadana,No,0101000020E61000001D5A643BDF974DC036CD3B4ED1F941C0,""{""""type"""":""""Point"""",""""coordinates"""":[-59.1865,-35.9517]}"""
",Fotovoltaico,BUENOS AIRES,LAS FLORES,Las Flores,No,0101000020E6100000DD408177F2914DC0A7B1BD16F4F241C0,""{""""type"""":""""Point"""",""""coordinates"""":[-59.140212,-35.898074]}"""
",Fotovoltaico,BUENOS AIRES,LAS FLORES,Las Flores,No,0101000020E610000024D40CA9A2924DC077A38FF9801242C0,""{""""type"""":""""Point"""",""""coordinates"""":[-59.145589,-36.144561]}"""
",Fotovoltaico,BUENOS AIRES,LAS FLORES,Las Flores,No,0101000020E610000007EDD5C7439B4DC02AABE97AA21B42C0,""{""""type"""":""""Point"""",""""coordinates"""":[-59.213006,-36.215896]}"""
",Fotovoltaico,BUENOS AIRES,LAS FLORES,Las Flores,No,0101000020E61000005E49F25CDF974DC011C30E63D2F941C0,""{""""type"""":""""Point"""",""""coordinates"""":[-59.186504,-35.951733]}"""
"E.P. N 14,Fotovoltaico,BUENOS AIRES,LAS FLORES,,No,0101000020E61000001973D712F2914DC0D044D8F0F4F241C0,""{""""type"""":""""Point"""",""""coordinates"""":[-59.1402,-35.8981]}"""
"E.P. N 40,Fotovoltaico,BUENOS AIRES,LAS FLORES,,No,0101000020E610000025068195439B4DC06B9A779CA21B42C0,""{""""type"""":""""Point"""",""""coordinates"""":[-59.213,-36.2159]}"""
"E.P. N 42,Fotovoltaico,BUENOS AIRES,LAS FLORES,,No,0101000020E61000001D5A643BDF974DC036CD3B4ED1F941C0,""{""""type"""":""""Point"""",""""coordinates"""":[-59.1865,-35.9517]}"""
"E.P. N 23,Fotovoltaico,BUENOS AIRES,LAS FLORES,,No,0101000020E610000018265305A3924DC03480B740821242C0,""{""""type"""":""""Point"""",""""coordinates"""":[-59.1456,-36.1446]}"""
"E.P.B. 5 GRAL. MANUEL BELGRANO,Fotovoltaico,BUENOS AIRES,LAS FLORES,,No,0101000020E610000054E3A59BC4844DC05DDF4567B2EC41C0,""{""""type"""":""""Point"""",""""coordinates"""":[-59.03725,-35.84919444]}"""
"E.P.B. / J.I.R.M.M. 22 / 12 ESTEBAN ECHEVERRIA,Fotovoltaico,BUENOS AIRES,RAUCH,,No,0101000020E61000004E0AD2107E9A4DC05865536C542D42C0,""{""""type"""":""""Point"""",""""coordinates"""":[-59.20697222,-36.35413889]}"""
",Fotovoltaico,BUENOS AIRES,LAS FLORES,La Blanqueada,No,0101000020E610000037894160E5684DC08126C286A70742C0,""{""""type"""":""""Point"""",""""coordinates"""":[-58.8195,-36.0598]}"""
"E.P. N 29,Fotovoltaico,BUENOS AIRES,LAS FLORES,,No,0101000020E610000037894160E5684DC08126C286A70742C0,""{""""type"""":""""Point"""",""""coordinates"""":[-58.8195,-36.0598]}"""
",Fotovoltaico,BUENOS AIRES,RAUCH,La Dormida,No,0101000020E61000002BF697DD93674DC074B515FBCB2642C0,""{""""type"""":""""Point"""",""""coordinates"""":[-58.8092,-36.3031]}"""
"E.P. N 39,Fotovoltaico,BUENOS AIRES,RAUCH,,No,0101000020E61000002BF697DD93674DC074B515FBCB2642C0,""{""""type"""":""""Point"""",""""coordinates"""":[-58.8092,-36.3031]}"""
"E.P.B. 32 PROVINCIA DE SALTA,Fotovoltaico,BUENOS AIRES,RAUCH,,No,0101000020E61000007F3E1DD1B5594DC03D0AD7A3702942C0,""{""""type"""":""""Point"""",""""coordinates"""":[-58.70086111,-36.32375]}"""
"Escuela N6 Fray Mamerto Esquiu,Fotovoltaico,BUENOS AIRES,MAR CHIQUITA,,No,0101000020E6100000BA6587F887EF4FC0B309302C7FC239C0,""{""""type"""":""""Point"""",""""coordinates"""":[-63.871337,-25.759753]}"""
"Escuela N 13 Jose Mendez,Fotovoltaico,BUENOS AIRES,MAR CHIQUITA,,No,0101000020E610000053B3075A81EF4FC0D316D7F84CC239C0,""{""""type"""":""""Point"""",""""coordinates"""":[-63.871135,-25.758987]}"""
"Escuela N 25 Salvador Marcaida,Fotovoltaico,BUENOS AIRES,MAR CHIQUITA,,No,0101000020E61000008A213999B8EF4FC01A1A4F0471C239C0,""{""""type"""":""""Point"""",""""coordinates"""":[-63.872821,-25.759537]}"""
"Escuela N 9 Almirante Brown,Fotovoltaico,BUENOS AIRES,MAR CHIQUITA,,No,0101000020E6100000EFE6A90EB9EF4FC061C614AC71C239C0,""{""""type"""":""""Point"""",""""coordinates"""":[-63.872835,-25.759547]}"""
"E.P.B. 11 RICARDO ROJAS,Fotovoltaico,BUENOS AIRES,MAR CHIQUITA,,No,0101000020E6100000DA76B90C28D84CC04F117559ABCB42C0,""{""""type"""":""""Point"""",""""coordinates"""":[-57.68872222,-37.59116667]}"""
"E.P.B. 16 ARTURO Z. PAZ,Fotovoltaico,BUENOS AIRES,MAR CHIQUITA,,No,0101000020E6100000D6274E28A3FF4CC0242B7DF0F3C042C0,""{""""type"""":""""Point"""",""""coordinates"""":[-57.99716667,-37.50744444]}"""
"E.P.B. 17 MANUEL BELGRANO,Fotovoltaico,BUENOS AIRES,MAR CHIQUITA,,No,0101000020E6100000984273DFE2B74CC0C17263FEFABD42C0,""{""""type"""":""""Point"""",""""coordinates"""":[-57.43661111,-37.48422222]}"""
"E.P.B. 13 MARTIN MIGUEL DE GÃEMES,Fotovoltaico,BUENOS AIRES,GENERAL LAVALLE,,No,0101000020E610000059E818CAE8894CC0ED001D20F74642C0,""{""""type"""":""""Point"""",""""coordinates"""":[-57.07741667,-36.55441667]}"""
"E.P.B. 27 SAN MIGUEL DE TUCUMAN,Fotovoltaico,BUENOS AIRES,GENERAL LAVALLE,,No,0101000020E610000003DAEB174B924CC0D2A5A057135F42C0,""{""""type"""":""""Point"""",""""coordinates"""":[-57.14291667,-36.74277778]}"""
"E.P.B. / J.I.R.M.M. 10 / 4 ALMAFUERTE,Fotovoltaico,BUENOS AIRES,GENERAL LAVALLE,,No,0101000020E61000006135549464664CC039E0671A9C6A42C0,""{""""type"""":""""Point"""",""""coordinates"""":[-56.79994444,-36.83288889]}"""
"E.P.B. / J.I.R.M.M. 26 / 5 RAFAEL OBLIGADO,Fotovoltaico,BUENOS AIRES,GENERAL LAVALLE,,No,0101000020E61000000F08B6423F764CC03B378ED4524842C0,""{""""type"""":""""Point"""",""""coordinates"""":[-56.92380556,-36.56502778]}"""
"E.P.B. 34 JUAN JOSE GENTILINI,Fotovoltaico,BUENOS AIRES,LAS FLORES,,No,0101000020E6100000BCA032BCE1A84DC0002C9FA3DD2642C0,""{""""type"""":""""Point"""",""""coordinates"""":[-59.31938889,-36.30363889]}"""
",Fotovoltaico,BUENOS AIRES,AZUL,La Juanita - Cuartel XXI (R.P. 50),No,0101000020E61000004BC8073D9BB54DC0C1A8A44E403B42C0,""{""""type"""":""""Point"""",""""coordinates"""":[-59.4188,-36.4629]}"""
",Fotovoltaico,BUENOS AIRES,AZUL,Est. Miramontes - Cuartel XX,No,0101000020E610000039454772F9B74DC00F0BB5A6792742C0,""{""""type"""":""""Point"""",""""coordinates"""":[-59.4373,-36.3084]}"""
",Fotovoltaico,BUENOS AIRES,AZUL,Los 4 Caminos - Cuartel XXI,No,0101000020E6100000E63FA4DFBEAE4DC0705F07CE193942C0,""{""""type"""":""""Point"""",""""coordinates"""":[-59.3652,-36.4461]}"""
",Fotovoltaico,BUENOS AIRES,AZUL,Azul,No,0101000020E6100000ED28CE5147AB4DC0548D5E0D504A42C0,""{""""type"""":""""Point"""",""""coordinates"""":[-59.338114,-36.580568]}"""
",Fotovoltaico,BUENOS AIRES,AZUL,Azul,No,0101000020E61000004B051555BFAE4DC08D4468041B3942C0,""{""""type"""":""""Point"""",""""coordinates"""":[-59.365214,-36.446137]}"""
",Fotovoltaico,BUENOS AIRES,AZUL,Azul,No,0101000020E610000087FA5DD89AB54DC0CD22145B413B42C0,""{""""type"""":""""Point"""",""""coordinates"""":[-59.418788,-36.462932]}"""
",Fotovoltaico,BUENOS AIRES,AZUL,Azul,No,0101000020E6100000630CACE3F8B74DC0931D1B81782742C0,""{""""type"""":""""Point"""",""""coordinates"""":[-59.437283,-36.308365]}"""
"E.P. N 31,Fotovoltaico,BUENOS AIRES,AZUL,,No,0101000020E61000004BC8073D9BB54DC0C1A8A44E403B42C0,""{""""type"""":""""Point"""",""""coordinates"""":[-59.4188,-36.4629]}"""
"E.P. N 34,Fotovoltaico,BUENOS AIRES,AZUL,,No,0101000020E610000039454772F9B74DC00F0BB5A6792742C0,""{""""type"""":""""Point"""",""""coordinates"""":[-59.4373,-36.3084]}"""
"E.P. N 4,Fotovoltaico,BUENOS AIRES,AZUL,,No,0101000020E6100000E63FA4DFBEAE4DC0705F07CE193942C0,""{""""type"""":""""Point"""",""""coordinates"""":[-59.3652,-36.4461]}"""
"E.P.B. 29 CARMEN BORDERA,Fotovoltaico,BUENOS AIRES,AZUL,,No,0101000020E6100000A0EE8F3947AB4DC077920077514A42C0,""{""""type"""":""""Point"""",""""coordinates"""":[-59.33811111,-36.58061111]}"""
",Fotovoltaico,BUENOS AIRES,LAPRIDA,Laprida,No,0101000020E6100000C24EB16A10624EC0E96514CB2DA342C0,""{""""type"""":""""Point"""",""""coordinates"""":[-60.766126,-37.274835]}"""
",Fotovoltaico,BUENOS AIRES,GENERAL LA MADRID,La Espanola,No,0101000020E6100000371AC05B20894EC07AC7293A92B342C0,""{""""type"""":""""Point"""",""""coordinates"""":[-61.0713,-37.4029]}"""
",Fotovoltaico,BUENOS AIRES,GENERAL LA MADRID,General La Madrid,No,0101000020E610000085EB51B81E894EC08541994693B342C0,""{""""type"""":""""Point"""",""""coordinates"""":[-61.07125,-37.402932]}"""
"E.P.B. N 16 Paula Albarracin De Sarmiento,Fotovoltaico,BUENOS AIRES,GENERAL LA MADRID,,No,0101000020E6100000371AC05B20894EC07AC7293A92B342C0,""{""""type"""":""""Point"""",""""coordinates"""":[-61.0713,-37.4029]}"""
"E.P.B. / J.I.R.M.M. 20 / 4 GENERAL NICOLAS LEVALLE,Fotovoltaico,BUENOS AIRES,GENERAL LA MADRID,,No,0101000020E61000008195438B6C934EC0A4449E66F9C842C0,""{""""type"""":""""Point"""",""""coordinates"""":[-61.15175,-37.57011111]}"""
"E.P.B. / J.I.R.M.M. 19 / 7 SARGENTO JUAN B. CABRAL,Fotovoltaico,BUENOS AIRES,GENERAL LA MADRID,,No,0101000020E6100000B121CD925FC84EC099C5383D77C442C0,""{""""type"""":""""Point"""",""""coordinates"""":[-61.56541667,-37.53488889]}"""
",Fotovoltaico,BUENOS AIRES,LAPRIDA,Republica,No,0101000020E610000099BB96900F624EC06C787AA52CA342C0,""{""""type"""":""""Point"""",""""coordinates"""":[-60.7661,-37.2748]}"""
",Fotovoltaico,BUENOS AIRES,LAPRIDA,Santa Elena,No,0101000020E61000006891ED7C3F4D4EC096B20C71ACAB42C0,""{""""type"""":""""Point"""",""""coordinates"""":[-60.6035,-37.3412]}"""
",Fotovoltaico,BUENOS AIRES,LAPRIDA,Laprida,No,0101000020E6100000FDDAFAE93F4D4EC0367689EAADAB42C0,""{""""type"""":""""Point"""",""""coordinates"""":[-60.603513,-37.341245]}"""
"E.P. N 12 Cordillera De Los Andes,Fotovoltaico,BUENOS AIRES,LAPRIDA,,No,0101000020E610000099BB96900F624EC06C787AA52CA342C0,""{""""type"""":""""Point"""",""""coordinates"""":[-60.7661,-37.2748]}"""
"E.P. N 22 Granaderos San Martin,Fotovoltaico,BUENOS AIRES,LAPRIDA,,No,0101000020E61000006891ED7C3F4D4EC096B20C71ACAB42C0,""{""""type"""":""""Point"""",""""coordinates"""":[-60.6035,-37.3412]}"""
"E.P. N 22 Granaderos San Martin,Fotovoltaico,BUENOS AIRES,LAPRIDA,,No,0101000020E61000006891ED7C3F4D4EC096B20C71ACAB42C0,""{""""type"""":""""Point"""",""""coordinates"""":[-60.6035,-37.3412]}"""
"E.P.B. / J.I.R.M.M. 20 / 2 ARMADA ARGENTINA,Fotovoltaico,BUENOS AIRES,LAPRIDA,,No,0101000020E610000070620632546E4EC0C6CF1474DAE842C0,""{""""type"""":""""Point"""",""""coordinates"""":[-60.86194444,-37.81916667]}"""
"E.P.B. / J.I.R.M.M. 17 / 5 ALFONSINA STORNI,Fotovoltaico,BUENOS AIRES,LAPRIDA,,No,0101000020E61000005CBB6199067B4EC0383103192AC342C0,""{""""type"""":""""Point"""",""""coordinates"""":[-60.96113889,-37.52472222]}"""
"E.P.B. / J.I.R.M.M. 18 / 6 GABRIELA MISTRAL,Fotovoltaico,BUENOS AIRES,LAPRIDA,,No,0101000020E6100000CC7C495B43704EC04B882440EEB942C0,""{""""type"""":""""Point"""",""""coordinates"""":[-60.87705556,-37.45258333]}"""
"E.P.B. / J.I.R.M.M. 13 / 2 REMEDIOS ESCALADA DE SAN MARTIN,Fotovoltaico,BUENOS AIRES,GENERAL ALVEAR,,No,0101000020E6100000AFEFA23359D84DC06E6AC10786EF41C0,""{""""type"""":""""Point"""",""""coordinates"""":[-59.69022222,-35.87127778]}"""
"E.P. N 5,Fotovoltaico,BUENOS AIRES,GENERAL LAVALLE,,No,0101000020E6100000B35E0CE544EF4FC0AA66D65240C239C0,""{""""type"""":""""Point"""",""""coordinates"""":[-63.86929,-25.758794]}"""
"E.P. N 26,Fotovoltaico,BUENOS AIRES,GENERAL ALVEAR,,No,0101000020E6100000F0A65B7688EF4FC03318231285C239C0,""{""""type"""":""""Point"""",""""coordinates"""":[-63.871352,-25.759843]}"""
"E.P.B. / J.I.R.M.M. 48 / 3 GENERAL JULIO ARGENTINO ROCA,Fotovoltaico,BUENOS AIRES,AZUL,,No,0101000020E6100000EFD365EF14E44DC0F8274402BE3542C0,""{""""type"""":""""Point"""",""""coordinates"""":[-59.78188889,-36.41986111]}"""
",Fotovoltaico,BUENOS AIRES,LAS FLORES,Las Flores,No,0101000020E61000001EBDA793E8C24DC0C174189BEFFD41C0,""{""""type"""":""""Point"""",""""coordinates"""":[-59.52272268,-35.98387469]}"""
"E.P. N 24,Fotovoltaico,BUENOS AIRES,LAS FLORES,,No,0101000020E610000042CF66D5E7C24DC06744696FF0FD41C0,""{""""type"""":""""Point"""",""""coordinates"""":[-59.5227,-35.9839]}"""
"E.P.B. 39 MARIA LUISA MOLINARI,Fotovoltaico,BUENOS AIRES,LAS FLORES,,No,0101000020E6100000105839B4C8CA4DC0DC4902DC45F141C0,""{""""type"""":""""Point"""",""""coordinates"""":[-59.58425,-35.88494444]}"""
",Fotovoltaico,BUENOS AIRES,AZUL,Las Rosas - Cuartel XII,No,0101000020E6100000FCA9F1D24DBA4DC018265305A37242C0,""{""""type"""":""""Point"""",""""coordinates"""":[-59.4555,-36.8956]}"""
",Fotovoltaico,BUENOS AIRES,AZUL,Pje. La Sofia - Cuartel XVI,No,0101000020E6100000575BB1BFECBE4DC0AE47E17A145642C0,""{""""type"""":""""Point"""",""""coordinates"""":[-59.4916,-36.6725]}"""
",Fotovoltaico,BUENOS AIRES,AZUL,San Pedro - Cuartel VXIII,No,0101000020E610000029CB10C7BAD04DC0B515FBCBEE3142C0,""{""""type"""":""""Point"""",""""coordinates"""":[-59.6307,-36.3901]}"""
",Fotovoltaico,BUENOS AIRES,AZUL,Azul,No,0101000020E610000080EECB99EDBE4DC03E0801F9125642C0,""{""""type"""":""""Point"""",""""coordinates"""":[-59.491626,-36.672454]}"""
",Fotovoltaico,BUENOS AIRES,AZUL,Azul,No,0101000020E6100000E21E4B1FBAD04DC0C780ECF5EE3142C0,""{""""type"""":""""Point"""",""""coordinates"""":[-59.63068,-36.390105]}"""
",Fotovoltaico,BUENOS AIRES,AZUL,Azul,No,0101000020E6100000B37C5D86FFD24DC019E25817B75F42C0,""{""""type"""":""""Point"""",""""coordinates"""":[-59.648423,-36.747775]}"""
",Fotovoltaico,BUENOS AIRES,AZUL,Azul,No,0101000020E61000005038BBB54CBA4DC0A7B228ECA27242C0,""{""""type"""":""""Point"""",""""coordinates"""":[-59.455466,-36.895597]}"""
"E.P. N 41,Fotovoltaico,BUENOS AIRES,AZUL,,No,0101000020E6100000FCA9F1D24DBA4DC018265305A37242C0,""{""""type"""":""""Point"""",""""coordinates"""":[-59.4555,-36.8956]}"""
"E.P. N 50,Fotovoltaico,BUENOS AIRES,AZUL,,No,0101000020E6100000575BB1BFECBE4DC0AE47E17A145642C0,""{""""type"""":""""Point"""",""""coordinates"""":[-59.4916,-36.6725]}"""
"E.P. N 59,Fotovoltaico,BUENOS AIRES,AZUL,,No,0101000020E610000029CB10C7BAD04DC0B515FBCBEE3142C0,""{""""type"""":""""Point"""",""""coordinates"""":[-59.6307,-36.3901]}"""
"E.P. N 39,Fotovoltaico,BUENOS AIRES,AZUL,,No,0101000020E6100000FB5C6DC5FED24DC072F90FE9B75F42C0,""{""""type"""":""""Point"""",""""coordinates"""":[-59.6484,-36.7478]}"""
"E.P.B. (Escuela Piloto) 44 SAN JOSE,Fotovoltaico,BUENOS AIRES,AZUL,,No,0101000020E610000060E5D022DBC54DC008AC1C5A642742C0,""{""""type"""":""""Point"""",""""coordinates"""":[-59.54575,-36.30775]}"""
"E.P.B. / J.I.R.M.M. 38 / 15 ALBERTO CELESTINO RIBET,Fotovoltaico,BUENOS AIRES,AZUL,,No,0101000020E61000000A2FE2B7F8BF4DC0626896806F7A42C0,""{""""type"""":""""Point"""",""""coordinates"""":[-59.49977778,-36.95652778]}"""
",Fotovoltaico,CÓRDOBA,RIO SECO,La Barranca,No,0101000020E610000086C954C1A8DC4FC024287E8CB9AB3DC0,""{""""type"""":""""Point"""",""""coordinates"""":[-63.7239,-29.6708]}"""
"Juan Xxiii,Fotovoltaico,CÓRDOBA,RIO SECO,,No,0101000020E610000086C954C1A8DC4FC024287E8CB9AB3DC0,""{""""type"""":""""Point"""",""""coordinates"""":[-63.7239,-29.6708]}"""
",Fotovoltaico,CÓRDOBA,RIO SECO,Pozo del Simbol,No,0101000020E6100000C2172653058B4FC0431CEBE236DA3DC0,""{""""type"""":""""Point"""",""""coordinates"""":[-63.0861,-29.8524]}"""
"Provincia De Santa Cruz,Fotovoltaico,CÓRDOBA,RIO SECO,,No,0101000020E6100000C2172653058B4FC0431CEBE236DA3DC0,""{""""type"""":""""Point"""",""""coordinates"""":[-63.0861,-29.8524]}"""
",Fotovoltaico,CÓRDOBA,RIO SECO,Salto Norte,No,0101000020E61000002D599919CB864FC099B923106D043EC0,""{""""type"""":""""Point"""",""""coordinates"""":[-63.05307312,-30.01728917]}"""
"Paula Albarracin,Fotovoltaico,CÓRDOBA,TERCERO ARRIBA,,No,0101000020E61000002D599919CB864FC099B923106D043EC0,""{""""type"""":""""Point"""",""""coordinates"""":[-63.05307312,-30.01728917]}"""
",Fotovoltaico,CÓRDOBA,RIO SECO,Campo Grande,No,0101000020E610000004560E2DB2C54FC094F6065F980C3EC0,""{""""type"""":""""Point"""",""""coordinates"""":[-63.5445,-30.0492]}"""
"Maria Eva Barizone,Fotovoltaico,CÓRDOBA,RIO SECO,,No,0101000020E610000004560E2DB2C54FC094F6065F980C3EC0,""{""""type"""":""""Point"""",""""coordinates"""":[-63.5445,-30.0492]}"""
",Fotovoltaico,CÓRDOBA,RIO SECO,Los Eucaliptos,No,0101000020E61000001556099A3F774FC032BF8166631D3EC0,""{""""type"""":""""Point"""",""""coordinates"""":[-62.93162847,-30.11479798]}"""
"Granadero Marquez,Fotovoltaico,CÓRDOBA,RIO SECO,,No,0101000020E61000001556099A3F774FC032BF8166631D3EC0,""{""""type"""":""""Point"""",""""coordinates"""":[-62.93162847,-30.11479798]}"""
",Fotovoltaico,CÓRDOBA,TULUMBA,Los Pozos,No,0101000020E6100000865AD3BCE3944FC0F38E537424573EC0,""{""""type"""":""""Point"""",""""coordinates"""":[-63.1632,-30.3404]}"""
"Jose Marti,Fotovoltaico,CÓRDOBA,TULUMBA,,No,0101000020E6100000865AD3BCE3944FC0F38E537424573EC0,""{""""type"""":""""Point"""",""""coordinates"""":[-63.1632,-30.3404]}"""
",Fotovoltaico,CÓRDOBA,TULUMBA,Isla Larga,No,0101000020E6100000A301BC0512A44FC0F7065F984C553EC0,""{""""type"""":""""Point"""",""""coordinates"""":[-63.2818,-30.3332]}"""
"Almirante Guillermo Brown,Fotovoltaico,CÓRDOBA,TULUMBA,,No,0101000020E6100000A301BC0512A44FC0F7065F984C553EC0,""{""""type"""":""""Point"""",""""coordinates"""":[-63.2818,-30.3332]}"""
",Fotovoltaico,CÓRDOBA,TOTORAL,Tintitaco,No,0101000020E610000021B0726891E54FC04703780B24B83EC0,""{""""type"""":""""Point"""",""""coordinates"""":[-63.7935,-30.7193]}"""
",Fotovoltaico,CÓRDOBA,TOTORAL,Tintitaco,No,0101000020E6100000A5BA46EC8FE54FC030F1AA7B22B83EC0,""{""""type"""":""""Point"""",""""coordinates"""":[-63.79345468,-30.71927617]}"""
"Jose Ingenieros,Fotovoltaico,CÓRDOBA,TOTORAL,,No,0101000020E610000021B0726891E54FC04703780B24B83EC0,""{""""type"""":""""Point"""",""""coordinates"""":[-63.7935,-30.7193]}"""
"Jose Ingenieros,Fotovoltaico,CÓRDOBA,TOTORAL,,No,0101000020E6100000A5BA46EC8FE54FC030F1AA7B22B83EC0,""{""""type"""":""""Point"""",""""coordinates"""":[-63.79345468,-30.71927617]}"""
",Fotovoltaico,CÓRDOBA,ISCHILIN,Orco Suni,No,0101000020E6100000A54E4013611350C004560E2DB22D3EC0,""{""""type"""":""""Point"""",""""coordinates"""":[-64.3028,-30.1785]}"""
",Fotovoltaico,CÓRDOBA,SOBREMONTE,La Providencia,No,0101000020E61000001AC05B20410150C0068195438BFC3DC0,""{""""type"""":""""Point"""",""""coordinates"""":[-64.0196,-29.9865]}"""
"Teniente General Eduardo Lonardi,Fotovoltaico,CÓRDOBA,SOBREMONTE,,No,0101000020E61000001AC05B20410150C0068195438BFC3DC0,""{""""type"""":""""Point"""",""""coordinates"""":[-64.0196,-29.9865]}"""
",Fotovoltaico,CÓRDOBA,TULUMBA,Socavones,No,0101000020E61000007CF2B0506B0250C06F8104C58F413EC0,""{""""type"""":""""Point"""",""""coordinates"""":[-64.0378,-30.2561]}"""
"General Las Heras,Fotovoltaico,CÓRDOBA,TULUMBA,,No,0101000020E61000007CF2B0506B0250C06F8104C58F413EC0,""{""""type"""":""""Point"""",""""coordinates"""":[-64.0378,-30.2561]}"""
",Fotovoltaico,CÓRDOBA,TULUMBA,Las Juntas,No,0101000020E610000096438B6CE70350C05839B4C8764E3EC0,""{""""type"""":""""Point"""",""""coordinates"""":[-64.061,-30.3065]}"""
"Gendarme Raul Cuello,Fotovoltaico,CÓRDOBA,TULUMBA,,No,0101000020E610000096438B6CE70350C05839B4C8764E3EC0,""{""""type"""":""""Point"""",""""coordinates"""":[-64.061,-30.3065]}"""
",Fotovoltaico,CÓRDOBA,TULUMBA,La Canada,No,0101000020E6100000EF384547720550C0933A014D843D3EC0,""{""""type"""":""""Point"""",""""coordinates"""":[-64.0851,-30.2403]}"""
"Manuel Dorrego,Fotovoltaico,CÓRDOBA,TULUMBA,,No,0101000020E6100000EF384547720550C0933A014D843D3EC0,""{""""type"""":""""Point"""",""""coordinates"""":[-64.0851,-30.2403]}"""
",Fotovoltaico,CÓRDOBA,TERCERO ARRIBA,Banda Sud,No,0101000020E6100000B98D06F0161050C04694F6065F2040C0,""{""""type"""":""""Point"""",""""coordinates"""":[-64.2514,-32.2529]}"""
",Fotovoltaico,CÓRDOBA,TERCERO ARRIBA,Banda Sud,No,0101000020E6100000C1ED9E76171050C06A71BEBF5E2040C0,""{""""type"""":""""Point"""",""""coordinates"""":[-64.25143209,-32.25289151]}"""
"Maria Luisa Pellegrini Gomez De Ballesteros Barros,Fotovoltaico,CÓRDOBA,TERCERO ARRIBA,,No,0101000020E6100000B98D06F0161050C04694F6065F2040C0,""{""""type"""":""""Point"""",""""coordinates"""":[-64.2514,-32.2529]}"""
"Maria Luisa Pellegrini Gomez De Ballesteros Barros,Fotovoltaico,CÓRDOBA,TERCERO ARRIBA,,No,0101000020E6100000C1ED9E76171050C06A71BEBF5E2040C0,""{""""type"""":""""Point"""",""""coordinates"""":[-64.25143209,-32.25289151]}"""
",Fotovoltaico,CÓRDOBA,TERCERO ARRIBA,Salto Norte,No,0101000020E6100000273108AC1C0E50C07DD0B359F51140C0,""{""""type"""":""""Point"""",""""coordinates"""":[-64.2205,-32.1403]}"""
"Paula Albarracin,Fotovoltaico,CÓRDOBA,TERCERO ARRIBA,,No,0101000020E6100000273108AC1C0E50C07DD0B359F51140C0,""{""""type"""":""""Point"""",""""coordinates"""":[-64.2205,-32.1403]}"""
"Paul Harris,Fotovoltaico,CÓRDOBA,TULUMBA,,No,0101000020E6100000A54E4013611350C004560E2DB22D3EC0,""{""""type"""":""""Point"""",""""coordinates"""":[-64.3028,-30.1785]}"""
",Fotovoltaico,CÓRDOBA,TULUMBA,El Barrial,No,0101000020E6100000A913D044D81450C0302AA913D0543EC0,""{""""type"""":""""Point"""",""""coordinates"""":[-64.3257,-30.3313]}"""
"Delicia Andrea Herrera Oliva De Sosa,Fotovoltaico,CÓRDOBA,TULUMBA,,No,0101000020E6100000A913D044D81450C0302AA913D0543EC0,""{""""type"""":""""Point"""",""""coordinates"""":[-64.3257,-30.3313]}"""
"Alfonsina Storni,Fotovoltaico,CÓRDOBA,SOBREMONTE,,No,0101000020E6100000894160E5D01250C0EEEBC039237A3DC0,""{""""type"""":""""Point"""",""""coordinates"""":[-64.294,-29.4771]}"""
",Fotovoltaico,CÓRDOBA,RIO CUARTO,El Cano,No,0101000020E61000009D11A5BDC12750C041F163CC5D1340C0,""{""""type"""":""""Point"""",""""coordinates"""":[-64.6212,-32.1513]}"""
",Fotovoltaico,CÓRDOBA,RIO CUARTO,Las Penas,No,0101000020E6100000FED478E9261150C0B6F3FDD4783140C0,""{""""type"""":""""Point"""",""""coordinates"""":[-64.268,-32.3865]}"""
"Remedios Escalada De San Martin,Fotovoltaico,CÓRDOBA,RIO CUARTO,,No,0101000020E6100000FED478E9261150C0B6F3FDD4783140C0,""{""""type"""":""""Point"""",""""coordinates"""":[-64.268,-32.3865]}"""
",Fotovoltaico,CÓRDOBA,TULUMBA,El Durazno,No,0101000020E6100000371AC05B200950C0D881734694463EC0,""{""""type"""":""""Point"""",""""coordinates"""":[-64.1426,-30.2757]}"""
"Granadero Marquez,Fotovoltaico,CÓRDOBA,TULUMBA,,No,0101000020E6100000371AC05B200950C0D881734694463EC0,""{""""type"""":""""Point"""",""""coordinates"""":[-64.1426,-30.2757]}"""
",Fotovoltaico,CÓRDOBA,SANTA MARIA,Las Playas,No,0101000020E61000003C4ED1915C0A50C023DBF97E6AAC3FC0,""{""""type"""":""""Point"""",""""coordinates"""":[-64.1619,-31.6735]}"""
"9 De Julio,Fotovoltaico,CÓRDOBA,SAN JAVIER,,No,0101000020E610000063EE5A423E4050C0CEAACFD5561440C0,""{""""type"""":""""Point"""",""""coordinates"""":[-65.0038,-32.1589]}"""
"Jose Cenobio Cortes (Ex-Esc.Nac.N 385),Fotovoltaico,CÓRDOBA,SANTA MARIA,,No,0101000020E61000003C4ED1915C0A50C023DBF97E6AAC3FC0,""{""""type"""":""""Point"""",""""coordinates"""":[-64.1619,-31.6735]}"""
",Fotovoltaico,CÓRDOBA,CRUZ DEL EJE,Los Charcos,No,0101000020E6100000355EBA490C4A50C017D9CEF753833EC0,""{""""type"""":""""Point"""",""""coordinates"""":[-65.157,-30.513]}"""
"Juan Jose Paso,Fotovoltaico,CÓRDOBA,CRUZ DEL EJE,,No,0101000020E6100000355EBA490C4A50C017D9CEF753833EC0,""{""""type"""":""""Point"""",""""coordinates"""":[-65.157,-30.513]}"""
",Fotovoltaico,CÓRDOBA,RIO CUARTO,Campo La Aguada,No,0101000020E61000002B1895D4092850C07E1D3867448140C0,""{""""type"""":""""Point"""",""""coordinates"""":[-64.6256,-33.0099]}"""
"San Isidro Labrador,Fotovoltaico,CÓRDOBA,RIO CUARTO,,No,0101000020E61000002B1895D4092850C07E1D3867448140C0,""{""""type"""":""""Point"""",""""coordinates"""":[-64.6256,-33.0099]}"""
",Fotovoltaico,CÓRDOBA,RIO CUARTO,Colonia La Argentina,No,0101000020E6100000B4C876BE9F1A50C001DE02098A1741C0,""{""""type"""":""""Point"""",""""coordinates"""":[-64.416,-34.1839]}"""
",Fotovoltaico,CÓRDOBA,GENERAL ROCA,La Nacional,No,0101000020E61000000A68226C783A50C037894160E56041C0,""{""""type"""":""""Point"""",""""coordinates"""":[-64.9136,-34.757]}"""
"Doctor Mariano Moreno,Fotovoltaico,CÓRDOBA,GENERAL ROCA,,No,0101000020E61000000A68226C783A50C037894160E56041C0,""{""""type"""":""""Point"""",""""coordinates"""":[-64.9136,-34.757]}"""
",Fotovoltaico,CÓRDOBA,GENERAL ROCA,Los Alfalfares,No,0101000020E610000052B81E85EB2D50C0560E2DB29D6741C0,""{""""type"""":""""Point"""",""""coordinates"""":[-64.7175,-34.8095]}"""
"Gabriela Mistral,Fotovoltaico,CÓRDOBA,GENERAL ROCA,,No,0101000020E610000052B81E85EB2D50C0560E2DB29D6741C0,""{""""type"""":""""Point"""",""""coordinates"""":[-64.7175,-34.8095]}"""
",Fotovoltaico,CÓRDOBA,CALAMUCHITA,Paraje Pintos,No,0101000020E61000001EA7E8482E2750C092CB7F48BF3540C0,""{""""type"""":""""Point"""",""""coordinates"""":[-64.6122,-32.4199]}"""
"25 De Mayo,Fotovoltaico,CÓRDOBA,PUNILLA,,No,0101000020E61000001EA7E8482E2750C092CB7F48BF3540C0,""{""""type"""":""""Point"""",""""coordinates"""":[-64.6122,-32.4199]}"""
"Ricardo Rojas,Fotovoltaico,CÓRDOBA,RIO CUARTO,,No,0101000020E61000009D11A5BDC12750C041F163CC5D1340C0,""{""""type"""":""""Point"""",""""coordinates"""":[-64.6212,-32.1513]}"""
",Fotovoltaico,CÓRDOBA,CALAMUCHITA,La Dormida,No,0101000020E61000005D6DC5FEB21B50C0BC749318042E40C0,""{""""type"""":""""Point"""",""""coordinates"""":[-64.4328,-32.3595]}"""
"Jeronimo Luis De Cabrera,Fotovoltaico,CÓRDOBA,CALAMUCHITA,,No,0101000020E61000005D6DC5FEB21B50C0BC749318042E40C0,""{""""type"""":""""Point"""",""""coordinates"""":[-64.4328,-32.3595]}"""
",Fotovoltaico,CÓRDOBA,POCHO,Los Medanitos,No,0101000020E6100000A60A4625756250C0DC4603780B943FC0,""{""""type"""":""""Point"""",""""coordinates"""":[-65.5384,-31.5783]}"""
",Fotovoltaico,CÓRDOBA,POCHO,Los Quebrachitos,No,0101000020E6100000F0A7C64B375D50C062105839B4983FC0,""{""""type"""":""""Point"""",""""coordinates"""":[-65.4565,-31.5965]}"""
",Fotovoltaico,CÓRDOBA,POCHO,La Patria,No,0101000020E610000007F01648506050C0BF0E9C33A2843FC0,""{""""type"""":""""Point"""",""""coordinates"""":[-65.5049,-31.5181]}"""
",Fotovoltaico,CÓRDOBA,POCHO,San Tiburcio,No,0101000020E61000004A0C022B875E50C060E5D022DBA93FC0,""{""""type"""":""""Point"""",""""coordinates"""":[-65.477,-31.6635]}"""
",Fotovoltaico,CÓRDOBA,POCHO,El Quemado,No,0101000020E610000055C1A8A44E6050C0713D0AD7A3703FC0,""{""""type"""":""""Point"""",""""coordinates"""":[-65.5048,-31.44]}"""
",Fotovoltaico,CÓRDOBA,POCHO,El Banado,No,0101000020E6100000E02D90A0F85D50C0A01A2FDD24763FC0,""{""""type"""":""""Point"""",""""coordinates"""":[-65.4683,-31.4615]}"""
"Blas Parera,Fotovoltaico,CÓRDOBA,POCHO,,No,0101000020E6100000A60A4625756250C0DC4603780B943FC0,""{""""type"""":""""Point"""",""""coordinates"""":[-65.5384,-31.5783]}"""
"Domingo Faustino Sarmiento,Fotovoltaico,CÓRDOBA,POCHO,,No,0101000020E610000055C1A8A44E6050C0713D0AD7A3703FC0,""{""""type"""":""""Point"""",""""coordinates"""":[-65.5048,-31.44]}"""
"Fray Mamerto Esquiu,Fotovoltaico,CÓRDOBA,POCHO,,No,0101000020E61000004A0C022B875E50C060E5D022DBA93FC0,""{""""type"""":""""Point"""",""""coordinates"""":[-65.477,-31.6635]}"""
"Jose Manuel Estrada,Fotovoltaico,CÓRDOBA,POCHO,,No,0101000020E6100000F0A7C64B375D50C062105839B4983FC0,""{""""type"""":""""Point"""",""""coordinates"""":[-65.4565,-31.5965]}"""
"Luis Felipe Del Rosario Penenory,Fotovoltaico,CÓRDOBA,POCHO,,No,0101000020E610000007F01648506050C0BF0E9C33A2843FC0,""{""""type"""":""""Point"""",""""coordinates"""":[-65.5049,-31.5181]}"""
"Perito Moreno,Fotovoltaico,CÓRDOBA,POCHO,,No,0101000020E6100000E02D90A0F85D50C0A01A2FDD24763FC0,""{""""type"""":""""Point"""",""""coordinates"""":[-65.4683,-31.4615]}"""
",Fotovoltaico,CÓRDOBA,MINAS,Pinas,No,0101000020E6100000DAACFA5C6D6150C0226C787AA52C3FC0,""{""""type"""":""""Point"""",""""coordinates"""":[-65.5223,-31.1744]}"""
"Lisandro De La Torre,Fotovoltaico,CÓRDOBA,MINAS,,No,0101000020E6100000DAACFA5C6D6150C0226C787AA52C3FC0,""{""""type"""":""""Point"""",""""coordinates"""":[-65.5223,-31.1744]}"""
",Fotovoltaico,CÓRDOBA,POCHO,Los Molles,No,0101000020E610000017B7D100DE5650C09A779CA223793FC0,""{""""type"""":""""Point"""",""""coordinates"""":[-65.3573,-31.4732]}"""
",Fotovoltaico,CÓRDOBA,POCHO,El Medanito,No,0101000020E61000003108AC1C5A5850C014D044D8F0943FC0,""{""""type"""":""""Point"""",""""coordinates"""":[-65.3805,-31.5818]}"""
"Diego De Funes,Fotovoltaico,CÓRDOBA,POCHO,,No,0101000020E610000017B7D100DE5650C09A779CA223793FC0,""{""""type"""":""""Point"""",""""coordinates"""":[-65.3573,-31.4732]}"""
"Remedios De Escalada De San Martin,Fotovoltaico,CÓRDOBA,POCHO,,No,0101000020E61000003108AC1C5A5850C014D044D8F0943FC0,""{""""type"""":""""Point"""",""""coordinates"""":[-65.3805,-31.5818]}"""
",Fotovoltaico,CÓRDOBA,SAN ALBERTO,La Cortadera,No,0101000020E6100000A301BC05125850C0B459F5B9DAAA3FC0,""{""""type"""":""""Point"""",""""coordinates"""":[-65.3761,-31.6674]}"""
",Fotovoltaico,CÓRDOBA,SAN ALBERTO,San Miguel,No,0101000020E6100000F46C567DAE5A50C0158C4AEA04C43FC0,""{""""type"""":""""Point"""",""""coordinates"""":[-65.4169,-31.7657]}"""
"Mario Remorino,Fotovoltaico,CÓRDOBA,SAN ALBERTO,,No,0101000020E6100000A301BC05125850C0B459F5B9DAAA3FC0,""{""""type"""":""""Point"""",""""coordinates"""":[-65.3761,-31.6674]}"""
"Presidente Julio Argentino Roca,Fotovoltaico,CÓRDOBA,SAN ALBERTO,,No,0101000020E6100000F46C567DAE5A50C0158C4AEA04C43FC0,""{""""type"""":""""Point"""",""""coordinates"""":[-65.4169,-31.7657]}"""
",Fotovoltaico,CÓRDOBA,SAN ALBERTO,Banado de Paja,No,0101000020E61000007FD93D79585050C02AA913D044D83FC0,""{""""type"""":""""Point"""",""""coordinates"""":[-65.2554,-31.8448]}"""
"Juana Azurduy De Padilla,Fotovoltaico,CÓRDOBA,SAN ALBERTO,,No,0101000020E61000007FD93D79585050C02AA913D044D83FC0,""{""""type"""":""""Point"""",""""coordinates"""":[-65.2554,-31.8448]}"""
",Fotovoltaico,CÓRDOBA,SAN JAVIER,El Salto,No,0101000020E61000009FABADD85F4E50C01AC05B20411940C0,""{""""type"""":""""Point"""",""""coordinates"""":[-65.2246,-32.1973]}"""
"Manuel Alberti,Fotovoltaico,CÓRDOBA,SAN JAVIER,,No,0101000020E61000009FABADD85F4E50C01AC05B20411940C0,""{""""type"""":""""Point"""",""""coordinates"""":[-65.2246,-32.1973]}"""
"Nicolas Rodriguez Pena,Fotovoltaico,CÓRDOBA,CRUZ DEL EJE,,No,0101000020E6100000B98D06F0163C50C055C1A8A44E403FC0,""{""""type"""":""""Point"""",""""coordinates"""":[-64.9389,-31.2512]}"""
",Fotovoltaico,CÓRDOBA,CRUZ DEL EJE,La Laguna,No,0101000020E61000001895D409683650C0F241CF66D5F73EC0,""{""""type"""":""""Point"""",""""coordinates"""":[-64.8501,-30.9681]}"""
"Dr. Enrique Rodriguez,Fotovoltaico,CÓRDOBA,CRUZ DEL EJE,,No,0101000020E61000001895D409683650C0F241CF66D5F73EC0,""{""""type"""":""""Point"""",""""coordinates"""":[-64.8501,-30.9681]}"""
",Fotovoltaico,CÓRDOBA,PUNILLA,Puesto Pedernera,No,0101000020E610000000000000002C50C0AC8BDB68009F3FC0,""{""""type"""":""""Point"""",""""coordinates"""":[-64.6875,-31.6211]}"""
"Ingeniero Arturo Pagliari,Fotovoltaico,CÓRDOBA,PUNILLA,,No,0101000020E610000000000000002C50C0AC8BDB68009F3FC0,""{""""type"""":""""Point"""",""""coordinates"""":[-64.6875,-31.6211]}"""
",Fotovoltaico,CÓRDOBA,MINAS,Cienaga de Britos,No,0101000020E6100000B98D06F0163C50C055C1A8A44E403FC0,""{""""type"""":""""Point"""",""""coordinates"""":[-64.9389,-31.2512]}"""
",Fotovoltaico,CÓRDOBA,SAN ALBERTO,El Volcan,No,0101000020E610000093A98251493D50C05D6DC5FEB27B3FC0,""{""""type"""":""""Point"""",""""coordinates"""":[-64.9576,-31.4832]}"""
"Juan Pascual Pringles,Fotovoltaico,CÓRDOBA,SAN ALBERTO,,No,0101000020E610000093A98251493D50C05D6DC5FEB27B3FC0,""{""""type"""":""""Point"""",""""coordinates"""":[-64.9576,-31.4832]}"""
",Fotovoltaico,CÓRDOBA,SAN ALBERTO,El Manantial,No,0101000020E6100000CD3B4ED1913C50C03411363CBD723FC0,""{""""type"""":""""Point"""",""""coordinates"""":[-64.9464,-31.4482]}"""
"Arturo Capdevila,Fotovoltaico,CÓRDOBA,SAN ALBERTO,,No,0101000020E6100000CD3B4ED1913C50C03411363CBD723FC0,""{""""type"""":""""Point"""",""""coordinates"""":[-64.9464,-31.4482]}"""
",Fotovoltaico,CÓRDOBA,SAN JAVIER,El Portezuelo,No,0101000020E610000063EE5A423E4050C0CEAACFD5561440C0,""{""""type"""":""""Point"""",""""coordinates"""":[-65.0038,-32.1589]}"""
",Fotovoltaico,CÓRDOBA,CALAMUCHITA,Villa Alpina,No,0101000020E6100000DC4603780B3450C04B598638D6F53FC0,""{""""type"""":""""Point"""",""""coordinates"""":[-64.8132,-31.9603]}"""
"Escuela Paula Albarracin De Sarmiento,Fotovoltaico,CÓRDOBA,CALAMUCHITA,,No,0101000020E6100000DC4603780B3450C04B598638D6F53FC0,""{""""type"""":""""Point"""",""""coordinates"""":[-64.8132,-31.9603]}"""
",Fotovoltaico,CÓRDOBA,CRUZ DEL EJE,El Duraznal,No,0101000020E61000001DC9E53FA44F50C08FE4F21FD26F3EC0,""{""""type"""":""""Point"""",""""coordinates"""":[-65.2444,-30.4368]}"""
"Juan Ignacio Gorriti,Fotovoltaico,CÓRDOBA,CRUZ DEL EJE,,No,0101000020E61000001DC9E53FA44F50C08FE4F21FD26F3EC0,""{""""type"""":""""Point"""",""""coordinates"""":[-65.2444,-30.4368]}"""
",Fotovoltaico,CÓRDOBA,CRUZ DEL EJE,El Dieciseis,No,0101000020E6100000AF946588635950C04BC8073D9B853EC0,""{""""type"""":""""Point"""",""""coordinates"""":[-65.3967,-30.5219]}"""
"Dr. Dalmacio Velez Sardfield,Fotovoltaico,CÓRDOBA,CRUZ DEL EJE,,No,0101000020E6100000AF946588635950C04BC8073D9B853EC0,""{""""type"""":""""Point"""",""""coordinates"""":[-65.3967,-30.5219]}"""
",Fotovoltaico,CÓRDOBA,CRUZ DEL EJE,Bajo Lindo,No,0101000020E61000004F401361C35F50C086C954C1A8943EC0,""{""""type"""":""""Point"""",""""coordinates"""":[-65.4963,-30.5807]}"""
"Fray Justo Santa Maria De Oro,Fotovoltaico,CÓRDOBA,CRUZ DEL EJE,,No,0101000020E61000004F401361C35F50C086C954C1A8943EC0,""{""""type"""":""""Point"""",""""coordinates"""":[-65.4963,-30.5807]}"""
",Fotovoltaico,CÓRDOBA,ISCHILIN,San Bernardo,No,0101000020E6100000401361C3D31B50C0DAACFA5C6D853EC0,""{""""type"""":""""Point"""",""""coordinates"""":[-64.4348,-30.5212]}"""
"Julian Rogelio Bracamonte,Fotovoltaico,CÓRDOBA,ISCHILIN,,No,0101000020E6100000401361C3D31B50C0DAACFA5C6D853EC0,""{""""type"""":""""Point"""",""""coordinates"""":[-64.4348,-30.5212]}"""
",Fotovoltaico,CÓRDOBA,ISCHILIN,La Cieneguita,No,0101000020E6100000BA6B09F9A01F50C077BE9F1A2F7D3EC0,""{""""type"""":""""Point"""",""""coordinates"""":[-64.4942,-30.489]}"""
"Martin Santiago,Fotovoltaico,CÓRDOBA,ISCHILIN,,No,0101000020E6100000BA6B09F9A01F50C077BE9F1A2F7D3EC0,""{""""type"""":""""Point"""",""""coordinates"""":[-64.4942,-30.489]}"""
",Fotovoltaico,CÓRDOBA,COLON,La Mesada,No,0101000020E6100000D7A3703D0A1750C08CB96B09F9503FC0,""{""""type"""":""""Point"""",""""coordinates"""":[-64.36,-31.3163]}"""
",Fotovoltaico,CÓRDOBA,COLON,La Estancita,No,0101000020E61000008195438B6C1750C077BE9F1A2F1D3FC0,""{""""type"""":""""Point"""",""""coordinates"""":[-64.366,-31.114]}"""
"Eloisa Paiges,Fotovoltaico,CÓRDOBA,COLON,,No,0101000020E6100000D7A3703D0A1750C08CB96B09F9503FC0,""{""""type"""":""""Point"""",""""coordinates"""":[-64.36,-31.3163]}"""
"Gregoria Matorras,Fotovoltaico,CÓRDOBA,COLON,,No,0101000020E61000008195438B6C1750C077BE9F1A2F1D3FC0,""{""""type"""":""""Point"""",""""coordinates"""":[-64.366,-31.114]}"""
",Fotovoltaico,LA RIOJA,GENERAL OCAMPO,La Isla,No,0101000020E61000005AF5B9DA8A7D50C0B37BF2B0503B3FC0,""{""""type"""":""""Point"""",""""coordinates"""":[-65.9616,-31.2317]}"""
"Escuela N 343 Polica Federal Argentina,Fotovoltaico,LA RIOJA,GENERAL FELIPE VARELA,,No,0101000020E61000001A912043642D51C013CB1410E6373DC0,""{""""type"""":""""Point"""",""""coordinates"""":[-68.70924452,-29.21835423]}"""
"Escuela N 217 Cabo Principal Daro Vera,Fotovoltaico,LA RIOJA,CHAMICAL,,No,0101000020E61000001A00C355529050C0F83D034DF83F3EC0,""{""""type"""":""""Point"""",""""coordinates"""":[-66.25502533,-30.24988252]}"""
",Fotovoltaico,LA RIOJA,VINCHINA,Vinchina,No,0101000020E61000001A2BF723010051C0D8B263C0E5613CC0,""{""""type"""":""""Point"""",""""coordinates"""":[-68.00006961,-28.38241198]}"""
",Fotovoltaico,LA RIOJA,VINCHINA,Vinchina,No,0101000020E6100000AC9F06256F0F51C07C8ED9A3814F3CC0,""{""""type"""":""""Point"""",""""coordinates"""":[-68.24115873,-28.3105719]}"""
"Escuela N 212 Casa Pintada,Fotovoltaico,LA RIOJA,VINCHINA,,No,0101000020E6100000B22E6EA3010051C08BFD65F7E4613CC0,""{""""type"""":""""Point"""",""""coordinates"""":[-68.0001,-28.3824]}"""
"Escuela N 301 Gendarmeria Nacional J.C.,Fotovoltaico,LA RIOJA,VINCHINA,,No,0101000020E6100000E5F21FD26F0F51C03A234A7B834F3CC0,""{""""type"""":""""Point"""",""""coordinates"""":[-68.2412,-28.3106]}"""
",Fotovoltaico,LA RIOJA,GENERAL JUAN F QUIROGA,Salana,No,0101000020E6100000AB3E575BB1A750C08195438B6C073FC0,""{""""type"""":""""Point"""",""""coordinates"""":[-66.6202,-31.029]}"""
",Fotovoltaico,LA RIOJA,GENERAL JUAN F QUIROGA,Rio de las Caï¿½as,No,0101000020E61000005DFE43FAEDA750C0FE43FAEDEBF03EC0,""{""""type"""":""""Point"""",""""coordinates"""":[-66.6239,-30.9411]}"""
"Escuela N 50,Fotovoltaico,LA RIOJA,GENERAL JUAN F QUIROGA,,No,0101000020E6100000AB3E575BB1A750C08195438B6C073FC0,""{""""type"""":""""Point"""",""""coordinates"""":[-66.6202,-31.029]}"""
"Escuela N 388,Fotovoltaico,LA RIOJA,GENERAL JUAN F QUIROGA,,No,0101000020E61000005DFE43FAEDA750C0FE43FAEDEBF03EC0,""{""""type"""":""""Point"""",""""coordinates"""":[-66.6239,-30.9411]}"""
"Escuela N 388,Fotovoltaico,LA RIOJA,GENERAL JUAN F QUIROGA,,No,0101000020E610000098485099EEA750C029EF5F30EAF03EC0,""{""""type"""":""""Point"""",""""coordinates"""":[-66.62393792,-30.94107344]}"""
",Fotovoltaico,LA RIOJA,GENERAL JUAN F QUIROGA,Las Barrancas,No,0101000020E6100000075F984C15B850C04850FC1873F73EC0,""{""""type"""":""""Point"""",""""coordinates"""":[-66.8763,-30.9666]}"""
"Escuela N 183 El Chacho,Fotovoltaico,LA RIOJA,GENERAL JUAN F QUIROGA,,No,0101000020E6100000075F984C15B850C04850FC1873F73EC0,""{""""type"""":""""Point"""",""""coordinates"""":[-66.8763,-30.9666]}"""
"Escuela N 348,Fotovoltaico,LA RIOJA,CHAMICAL,,No,0101000020E6100000D0DAC8D00C6550C05E94A83019243EC0,""{""""type"""":""""Point"""",""""coordinates"""":[-65.5789072,-30.14100937]}"""
"Escuela N 312 Dr. Jos E. Colombres,Fotovoltaico,LA RIOJA,CHAMICAL,,No,0101000020E6100000DB208B1BD46650C06257280CA93A3EC0,""{""""type"""":""""Point"""",""""coordinates"""":[-65.60669602,-30.22914196]}"""
",Fotovoltaico,LA RIOJA,GENERAL OCAMPO,San Ramon,No,0101000020E61000006DE7FBA9F17250C00B24287E8CF93EC0,""{""""type"""":""""Point"""",""""coordinates"""":[-65.796,-30.9748]}"""
"Escuela N 088 Andrea Picon Zalazar,Fotovoltaico,LA RIOJA,GENERAL OCAMPO,,No,0101000020E61000006DE7FBA9F17250C00B24287E8CF93EC0,""{""""type"""":""""Point"""",""""coordinates"""":[-65.796,-30.9748]}"""
"Escuela N 236,Fotovoltaico,LA RIOJA,CHAMICAL,,No,0101000020E610000034215AE93D7650C03D154750C23D3EC0,""{""""type"""":""""Point"""",""""coordinates"""":[-65.84752878,-30.24124624]}"""
"Escuela N 100,Fotovoltaico,LA RIOJA,GENERAL OCAMPO,,No,0101000020E61000005AF5B9DA8A7D50C0B37BF2B0503B3FC0,""{""""type"""":""""Point"""",""""coordinates"""":[-65.9616,-31.2317]}"""
"Jose De San Martin,Fotovoltaico,CÓRDOBA,RIO CUARTO,,No,0101000020E6100000B4C876BE9F1A50C001DE02098A1741C0,""{""""type"""":""""Point"""",""""coordinates"""":[-64.416,-34.1839]}"""
"Escuela N 214 Pedro Celestino Robador,Fotovoltaico,LA RIOJA,GENERAL BELGRANO,,No,0101000020E610000075EA0413837750C0F7DDDF66126A3EC0,""{""""type"""":""""Point"""",""""coordinates"""":[-65.86737514,-30.41434329]}"""
"Escuela N 294 Jos Darragueira,Fotovoltaico,LA RIOJA,CHAMICAL,,No,0101000020E61000005A7B860D627750C0BF58E7312D263EC0,""{""""type"""":""""Point"""",""""coordinates"""":[-65.86535967,-30.14912712]}"""
",Fotovoltaico,LA RIOJA,GENERAL SAN MARTIN,La Industria,No,0101000020E610000021B07268918150C0BA6B09F9A0873FC0,""{""""type"""":""""Point"""",""""coordinates"""":[-66.0245,-31.5298]}"""
"Escuela N 395 Yapeyu,Fotovoltaico,LA RIOJA,GENERAL SAN MARTIN,,No,0101000020E610000021B07268918150C0BA6B09F9A0873FC0,""{""""type"""":""""Point"""",""""coordinates"""":[-66.0245,-31.5298]}"""
"Escuela N 227,Fotovoltaico,LA RIOJA,ROSARIO VERA PEï¿½ALOZA,,No,0101000020E6100000A906ED17249550C0628E586A41983FC0,""{""""type"""":""""Point"""",""""coordinates"""":[-66.33032797,-31.59474816]}"""
",Fotovoltaico,LA RIOJA,ROSARIO VERA PEÃALOZA,Agua Blanca,No,0101000020E610000083C0CAA1459250C032772D211FB43FC0,""{""""type"""":""""Point"""",""""coordinates"""":[-66.2855,-31.7036]}"""
"Escuela N 173,Fotovoltaico,LA RIOJA,ROSARIO VERA PEï¿½ALOZA,,No,0101000020E610000083C0CAA1459250C032772D211FB43FC0,""{""""type"""":""""Point"""",""""coordinates"""":[-66.2855,-31.7036]}"""
",Fotovoltaico,LA RIOJA,ROSARIO VERA PEÃALOZA,Agua de Aguirre,No,0101000020E61000004F401361C3A750C0C139234A7B233FC0,""{""""type"""":""""Point"""",""""coordinates"""":[-66.6213,-31.1386]}"""
"Escuela N 221 Julian Noe Aguilar,Fotovoltaico,LA RIOJA,ROSARIO VERA PEï¿½ALOZA,,No,0101000020E61000004F401361C3A750C0C139234A7B233FC0,""{""""type"""":""""Point"""",""""coordinates"""":[-66.6213,-31.1386]}"""
",Fotovoltaico,LA RIOJA,ROSARIO VERA PEÃALOZA,La Laguna,No,0101000020E6100000AEB6627FD9A950C00C022B8716293FC0,""{""""type"""":""""Point"""",""""coordinates"""":[-66.6539,-31.1605]}"""
"Escuela N 128,Fotovoltaico,LA RIOJA,ROSARIO VERA PEï¿½ALOZA,,No,0101000020E6100000AEB6627FD9A950C00C022B8716293FC0,""{""""type"""":""""Point"""",""""coordinates"""":[-66.6539,-31.1605]}"""
",Fotovoltaico,LA RIOJA,GENERAL JUAN F QUIROGA,Tuani,No,0101000020E6100000931804560EA150C0B003E78C28ED3EC0,""{""""type"""":""""Point"""",""""coordinates"""":[-66.5165,-30.9264]}"""
"Escuela primaria N 277,Fotovoltaico,CORRIENTES,GOYA,,No,0101000020E61000005CE91093CBB44DC010C935AA789A3DC0,""{""""type"""":""""Point"""",""""coordinates"""":[-59.4124626,-29.6034037]}"""
"Escuela N 105 Anfiloquia Velardez de Gomez,Fotovoltaico,LA RIOJA,GENERAL JUAN F QUIROGA,,No,0101000020E6100000931804560EA150C0B003E78C28ED3EC0,""{""""type"""":""""Point"""",""""coordinates"""":[-66.5165,-30.9264]}"""
",Fotovoltaico,CORRIENTES,ITUZAINGO,Isla Apipe Chico,No,0101000020E61000006DE7FBA9F15A4CC0DFE00B93A9923BC0,""{""""type"""":""""Point"""",""""coordinates"""":[-56.7105,-27.5729]}"""
",Fotovoltaico,CORRIENTES,ITUZAINGO,Isla Apipe Chico,No,0101000020E6100000781122F0F25A4CC0276D89E0A8923BC0,""{""""type"""":""""Point"""",""""coordinates"""":[-56.71053888,-27.57288936]}"""
"Escuela N 219 Ejercito Argentino,Fotovoltaico,CORRIENTES,ITUZAINGO,,No,0101000020E61000006DE7FBA9F15A4CC0DFE00B93A9923BC0,""{""""type"""":""""Point"""",""""coordinates"""":[-56.7105,-27.5729]}"""
"Escuela N 219 Ejercito Argentino,Fotovoltaico,CORRIENTES,ITUZAINGO,,No,0101000020E6100000781122F0F25A4CC0276D89E0A8923BC0,""{""""type"""":""""Point"""",""""coordinates"""":[-56.71053888,-27.57288936]}"""
"Escuela N 752 Prefectura Naval Argentina,Fotovoltaico,CORRIENTES,ITUZAINGO,,No,0101000020E6100000338F78891C7E4CC02DEC6987BF773BC0,""{""""type"""":""""Point"""",""""coordinates"""":[-56.98524588,-27.46776625]}"""
"Escuela N 977,Fotovoltaico,CORRIENTES,SAN MIGUEL,,No,0101000020E6100000DAFE959526A34CC06EFB1EF5D7C33BC0,""{""""type"""":""""Point"""",""""coordinates"""":[-57.274615,-27.765014]}"""
",Fotovoltaico,CORRIENTES,SAN MARTIN,San Martï¿½n,No,0101000020E61000005EDA70581A764CC0CC0A45BA9F1B3DC0,""{""""type"""":""""Point"""",""""coordinates"""":[-56.922679,-29.107906]}"""
"Escuela N 765,Fotovoltaico,CORRIENTES,SAN MARTIN,,No,0101000020E610000075029A081B764CC0083D9B559F1B3DC0,""{""""type"""":""""Point"""",""""coordinates"""":[-56.9227,-29.1079]}"""
"Escuela N 703 Tte. Gral. Pedro Eugenio Aramburu,Fotovoltaico,CORRIENTES,SAN MARTIN,,No,0101000020E6100000F5C7288D20994CC0D64EF7AEFFF73CC0,""{""""type"""":""""Point"""",""""coordinates"""":[-57.19630589,-28.96874517]}"""
"Escuela N 965,Fotovoltaico,CORRIENTES,SAN MARTIN,,No,0101000020E610000020D099B4A9904CC0CCD47F31B6AC3CC0,""{""""type"""":""""Point"""",""""coordinates"""":[-57.130179,-28.67465505]}"""
"Escuela N 933,Fotovoltaico,CORRIENTES,CONCEPCION,,No,0101000020E6100000BF29AC5450FB4CC04694F6065F603CC0,""{""""type"""":""""Point"""",""""coordinates"""":[-57.963389,-28.37645]}"""
",Fotovoltaico,CORRIENTES,SAN ROQUE,Lujan,No,0101000020E610000002BC0512144F4DC0363CBD5296913CC0,""{""""type"""":""""Point"""",""""coordinates"""":[-58.6178,-28.5687]}"""
",Fotovoltaico,CORRIENTES,SAN ROQUE,Canada Mala,No,0101000020E6100000B459F5B9DA624DC0022B8716D9AE3CC0,""{""""type"""":""""Point"""",""""coordinates"""":[-58.7723,-28.683]}"""
",Fotovoltaico,CORRIENTES,SAN ROQUE,Lujï¿½n,No,0101000020E61000007FA060EF134F4DC02B52BC2594913CC0,""{""""type"""":""""Point"""",""""coordinates"""":[-58.61779587,-28.5686668]}"""
",Fotovoltaico,CORRIENTES,SAN ROQUE,Caï¿½ada Mala,No,0101000020E610000030478FDFDB624DC021ACC612D6AE3CC0,""{""""type"""":""""Point"""",""""coordinates"""":[-58.772335,-28.682954]}"""
"Escuela N 153 Combate De San Lorenzo,Fotovoltaico,CORRIENTES,SAN ROQUE,,No,0101000020E610000002BC0512144F4DC0363CBD5296913CC0,""{""""type"""":""""Point"""",""""coordinates"""":[-58.6178,-28.5687]}"""
"Escuela N 249,Fotovoltaico,CORRIENTES,SAN ROQUE,,No,0101000020E6100000B459F5B9DA624DC0022B8716D9AE3CC0,""{""""type"""":""""Point"""",""""coordinates"""":[-58.7723,-28.683]}"""
"Escuela N 153 Combate de San Lorenzo,Fotovoltaico,CORRIENTES,SAN ROQUE,,No,0101000020E61000007FA060EF134F4DC02B52BC2594913CC0,""{""""type"""":""""Point"""",""""coordinates"""":[-58.61779587,-28.5686668]}"""
"Escuela N 316,Fotovoltaico,CORRIENTES,CURUZU CUATIA,,No,0101000020E610000072B26024AC474DC0171C35915FCD3DC0,""{""""type"""":""""Point"""",""""coordinates"""":[-58.55994086,-29.80223949]}"""
",Fotovoltaico,CORRIENTES,GOYA,Esquina,No,0101000020E61000004EA2B9A9DC9E4DC0AB28B91EE0C83DC0,""{""""type"""":""""Point"""",""""coordinates"""":[-59.2411091,-29.7846698]}"""
"Escuela N 628,Fotovoltaico,CORRIENTES,ESQUINA,,No,0101000020E61000006688635DDC9E4DC0D42B6519E2C83DC0,""{""""type"""":""""Point"""",""""coordinates"""":[-59.2411,-29.7847]}"""
",Fotovoltaico,CORRIENTES,ESQUINA,Esquina,No,0101000020E6100000522635B401824DC08491A86109B53DC0,""{""""type"""":""""Point"""",""""coordinates"""":[-59.015677,-29.7071744]}"""
",Fotovoltaico,CORRIENTES,ESQUINA,Malvinas,No,0101000020E6100000ADC41B1D80814DC0FB5179E008B53DC0,""{""""type"""":""""Point"""",""""coordinates"""":[-59.01172222,-29.7071667]}"""
"Escuela N 640,Fotovoltaico,CORRIENTES,ESQUINA,,No,0101000020E61000000B46257502824DC030BB270F0BB53DC0,""{""""type"""":""""Point"""",""""coordinates"""":[-59.0157,-29.7072]}"""
"EFA IS 18,Fotovoltaico,CORRIENTES,ESQUINA,,No,0101000020E6100000ADC41B1D80814DC0FB5179E008B53DC0,""{""""type"""":""""Point"""",""""coordinates"""":[-59.01172222,-29.7071667]}"""
"Escuela N 677,Fotovoltaico,CORRIENTES,GOYA,,No,0101000020E6100000242DAE5444984DC036D806B4958D3DC0,""{""""type"""":""""Point"""",""""coordinates"""":[-59.18958529,-29.55306554]}"""
",Fotovoltaico,CORRIENTES,SAN MARTIN,Yuru Cua,No,0101000020E61000008BFD65F7E4614CC0053411363CCD3CC0,""{""""type"""":""""Point"""",""""coordinates"""":[-56.7648,-28.8017]}"""
",Fotovoltaico,CORRIENTES,SAN MARTIN,Yuru Cua,No,0101000020E61000000E4FAF9465684CC061545227A0B93CC0,""{""""type"""":""""Point"""",""""coordinates"""":[-56.8156,-28.7251]}"""
",Fotovoltaico,CORRIENTES,SAN MARTIN,Yuru Cua,No,0101000020E6100000984E4E61E3614CC07CB4BC9B3CCD3CC0,""{""""type"""":""""Point"""",""""coordinates"""":[-56.76475159,-28.80170606]}"""
",Fotovoltaico,CORRIENTES,SAN MARTIN,Yuru Cua,No,0101000020E61000006D30BBC464684CC0C6738D019FB93CC0,""{""""type"""":""""Point"""",""""coordinates"""":[-56.81557521,-28.72508249]}"""
",Fotovoltaico,CORRIENTES,SAN MARTIN,San Martï¿½n,No,0101000020E6100000C59A5F072D5C4CC065E256410CE43CC0,""{""""type"""":""""Point"""",""""coordinates"""":[-56.72012417,-28.890812]}"""
",Fotovoltaico,CORRIENTES,SAN MARTIN,San Martï¿½n,No,0101000020E6100000950046E1445E4CC0DE1A5C6365F43CC0,""{""""type"""":""""Point"""",""""coordinates"""":[-56.73647705,-28.95467206]}"""
",Fotovoltaico,CORRIENTES,SAN MARTIN,San Martï¿½n,No,0101000020E6100000B0FC5CE19B6B4CC02DEFE4B255153DC0,""{""""type"""":""""Point"""",""""coordinates"""":[-56.84069459,-29.08333891]}"""
"Escuela N 41 Virginia Burgos De Feu,Fotovoltaico,CORRIENTES,SAN MARTIN,,No,0101000020E61000008BFD65F7E4614CC0053411363CCD3CC0,""{""""type"""":""""Point"""",""""coordinates"""":[-56.7648,-28.8017]}"""
"Escuela N 604 Ejercito Argentino,Fotovoltaico,CORRIENTES,SAN MARTIN,,No,0101000020E61000000E4FAF9465684CC061545227A0B93CC0,""{""""type"""":""""Point"""",""""coordinates"""":[-56.8156,-28.7251]}"""
"Escuela N 41 Virginia Burgos de Feu,Fotovoltaico,CORRIENTES,SAN MARTIN,,No,0101000020E6100000984E4E61E3614CC07CB4BC9B3CCD3CC0,""{""""type"""":""""Point"""",""""coordinates"""":[-56.76475159,-28.80170606]}"""
"Escuela N 154,Fotovoltaico,CORRIENTES,SAN MARTIN,,No,0101000020E6100000C0EC9E3C2C5C4CC0DC4603780BE43CC0,""{""""type"""":""""Point"""",""""coordinates"""":[-56.7201,-28.8908]}"""
"Escuela N 231 Gral.Matias de Irigoyen,Fotovoltaico,CORRIENTES,SAN MARTIN,,No,0101000020E610000083C0CAA1455E4CC0BF7D1D3867F43CC0,""{""""type"""":""""Point"""",""""coordinates"""":[-56.7365,-28.9547]}"""
"Escuela N 902,Fotovoltaico,CORRIENTES,SAN MARTIN,,No,0101000020E6100000A4DFBE0E9C6B4CC0BEC1172653153DC0,""{""""type"""":""""Point"""",""""coordinates"""":[-56.8407,-29.0833]}"""
"Escuela N 642 Ejercito Argentino,Fotovoltaico,CORRIENTES,SAN MARTIN,,No,0101000020E610000034100D8360674CC04143C5598D1A3DC0,""{""""type"""":""""Point"""",""""coordinates"""":[-56.80763281,-29.10371934]}"""
",Fotovoltaico,CORRIENTES,ESQUINA,Esquina,No,0101000020E61000006B71D75C7F7F4DC0BB20C77B7AAB3DC0,""{""""type"""":""""Point"""",""""coordinates"""":[-58.9960743,-29.6698377]}"""
"Escuela N 641,Fotovoltaico,CORRIENTES,ESQUINA,,No,0101000020E6100000D6C56D34807F4DC05DDC460378AB3DC0,""{""""type"""":""""Point"""",""""coordinates"""":[-58.9961,-29.6698]}"""
"Escuela primaria comun N 283,Fotovoltaico,CORRIENTES,ESQUINA,,No,0101000020E6100000DE8BD420715E4DC0322C353113A73DC0,""{""""type"""":""""Point"""",""""coordinates"""":[-58.7378274,-29.6526366]}"""
"Escuela N 770,Fotovoltaico,CORRIENTES,GOYA,,No,0101000020E610000026EF9020E4944DC0EE388FD48CAB3DC0,""{""""type"""":""""Point"""",""""coordinates"""":[-59.16321189,-29.67011765]}"""
",Fotovoltaico,CORRIENTES,ESQUINA,Esquina,No,0101000020E6100000C3B25F98C8894DC065CA0368C6B33DC0,""{""""type"""":""""Point"""",""""coordinates"""":[-59.07643418,-29.70224619]}"""
"Escuela N 466,Fotovoltaico,CORRIENTES,ESQUINA,,No,0101000020E61000000BB5A679C7894DC04F401361C3B33DC0,""{""""type"""":""""Point"""",""""coordinates"""":[-59.0764,-29.7022]}"""
",Fotovoltaico,CORRIENTES,ESQUINA,Esquina,No,0101000020E6100000CAD2985A007E4DC05B45DA2159A13DC0,""{""""type"""":""""Point"""",""""coordinates"""":[-58.9843858,-29.6302663]}"""
"Escuela Francisco Bocalandro,Fotovoltaico,CORRIENTES,ESQUINA,,No,0101000020E61000005917B7D1007E4DC036AB3E575BA13DC0,""{""""type"""":""""Point"""",""""coordinates"""":[-58.9844,-29.6303]}"""
"Escuela N 295,Fotovoltaico,CORRIENTES,GOYA,,No,0101000020E610000085ED27637CBA4DC0BE175FB4C79B3DC0,""{""""type"""":""""Point"""",""""coordinates"""":[-59.456921,-29.608516]}"""
"Escuela N 595,Fotovoltaico,CORRIENTES,GOYA,,No,0101000020E6100000B5332B5F409D4DC081C2C9CBD4993DC0,""{""""type"""":""""Point"""",""""coordinates"""":[-59.22852697,-29.60090326]}"""
",Fotovoltaico,CORRIENTES,PASO DE LOS LIBRES,Mercedes,No,0101000020E6100000D26F5F07CEB94CC03D2CD49AE62D3DC0,""{""""type"""":""""Point"""",""""coordinates"""":[-57.4516,-29.1793]}"""
",Fotovoltaico,CORRIENTES,PASO DE LOS LIBRES,Mercedes,No,0101000020E6100000370EA3BDCDB94CC00C80C88DE82D3DC0,""{""""type"""":""""Point"""",""""coordinates"""":[-57.45159121,-29.17932974]}"""
",Fotovoltaico,CORRIENTES,PASO DE LOS LIBRES,Mercedes,No,0101000020E610000010E9B7AF03B74CC0355EBA490C523DC0,""{""""type"""":""""Point"""",""""coordinates"""":[-57.4298,-29.3205]}"""
",Fotovoltaico,CORRIENTES,PASO DE LOS LIBRES,Paraje San Salvador,No,0101000020E6100000F085C954C1C04CC0EA95B20C714C3DC0,""{""""type"""":""""Point"""",""""coordinates"""":[-57.5059,-29.2986]}"""
",Fotovoltaico,CORRIENTES,PASO DE LOS LIBRES,Mercedes,No,0101000020E61000009E1BC33105B74CC0E970BE2209523DC0,""{""""type"""":""""Point"""",""""coordinates"""":[-57.42984602,-29.3204519]}"""
",Fotovoltaico,CORRIENTES,PASO DE LOS LIBRES,Paraje San Salvador,No,0101000020E6100000DF1AD82AC1C04CC0E4D87A86704C3DC0,""{""""type"""":""""Point"""",""""coordinates"""":[-57.505895,-29.298592]}"""
",Fotovoltaico,CORRIENTES,PASO DE LOS LIBRES,Paso de los Libres,No,0101000020E6100000E9FF0BBAF3884CC0738A6565C15C3DC0,""{""""type"""":""""Point"""",""""coordinates"""":[-57.06993795,-29.36232599]}"""
"Escuela N 342,Fotovoltaico,CORRIENTES,PASO DE LOS LIBRES,,No,0101000020E610000010E9B7AF03B74CC0355EBA490C523DC0,""{""""type"""":""""Point"""",""""coordinates"""":[-57.4298,-29.3205]}"""
"Escuela N 919 Alen Cue,Fotovoltaico,CORRIENTES,PASO DE LOS LIBRES,,No,0101000020E6100000D26F5F07CEB94CC03D2CD49AE62D3DC0,""{""""type"""":""""Point"""",""""coordinates"""":[-57.4516,-29.1793]}"""
"Escuela N 590,Fotovoltaico,CORRIENTES,PASO DE LOS LIBRES,,No,0101000020E6100000F085C954C1C04CC0EA95B20C714C3DC0,""{""""type"""":""""Point"""",""""coordinates"""":[-57.5059,-29.2986]}"""
"Escuela N 342,Fotovoltaico,CORRIENTES,PASO DE LOS LIBRES,,No,0101000020E61000009E1BC33105B74CC0E970BE2209523DC0,""{""""type"""":""""Point"""",""""coordinates"""":[-57.42984602,-29.3204519]}"""
"Escuela N 919 Alen Cue,Fotovoltaico,CORRIENTES,PASO DE LOS LIBRES,,No,0101000020E6100000370EA3BDCDB94CC00C80C88DE82D3DC0,""{""""type"""":""""Point"""",""""coordinates"""":[-57.45159121,-29.17932974]}"""
"Escuela N590,Fotovoltaico,CORRIENTES,PASO DE LOS LIBRES,,No,0101000020E6100000DF1AD82AC1C04CC0E4D87A86704C3DC0,""{""""type"""":""""Point"""",""""coordinates"""":[-57.505895,-29.298592]}"""
"Escuela N 333 Matias Pipet,Fotovoltaico,CORRIENTES,PASO DE LOS LIBRES,,No,0101000020E6100000C5FEB27BF2884CC03F575BB1BF5C3DC0,""{""""type"""":""""Point"""",""""coordinates"""":[-57.0699,-29.3623]}"""
"Escuela N 839 Machaca Guemes,Fotovoltaico,CORRIENTES,CURUZU CUATIA,,No,0101000020E610000030B28D0D97664DC0C44827F9AE533DC0,""{""""type"""":""""Point"""",""""coordinates"""":[-58.80148477,-29.32688863]}"""
"Escuela N 880 Gustavo Antonio Graciano,Fotovoltaico,CORRIENTES,ESQUINA,,No,0101000020E6100000CFF2C0F05F6C4DC02BCD39BA42783DC0,""{""""type"""":""""Point"""",""""coordinates"""":[-58.84667787,-29.46976818]}"""
"Escuela N 179,Fotovoltaico,CORRIENTES,GOYA,,No,0101000020E6100000FED3EC058F9D4DC08451623A21733DC0,""{""""type"""":""""Point"""",""""coordinates"""":[-59.23092722,-29.44972577]}"""
"Escuela N 372,Fotovoltaico,CORRIENTES,GOYA,,No,0101000020E61000007C908E40767D4DC0125AA4C322773DC0,""{""""type"""":""""Point"""",""""coordinates"""":[-58.98017127,-29.46537421]}"""
"Escuela N 544,Fotovoltaico,CORRIENTES,GOYA,,No,0101000020E6100000CC15F782436F4DC0FA9E4FECBA5A3DC0,""{""""type"""":""""Point"""",""""coordinates"""":[-58.86924779,-29.35441472]}"""
"Escuela N 545,Fotovoltaico,CORRIENTES,GOYA,,No,0101000020E6100000C33E4BA1BD7F4DC0CBD765F84F6C3DC0,""{""""type"""":""""Point"""",""""coordinates"""":[-58.99797455,-29.42309525]}"""
"Escuela N 603,Fotovoltaico,CORRIENTES,GOYA,,No,0101000020E6100000D9BB798935904DC0857E2226138C3DC0,""{""""type"""":""""Point"""",""""coordinates"""":[-59.12663382,-29.54716719]}"""
",Fotovoltaico,CORRIENTES,LAVALLE,Lavalle,No,0101000020E61000004FEB36A8FD664DC0DB368C82E0353DC0,""{""""type"""":""""Point"""",""""coordinates"""":[-58.804616,-29.210457]}"""
"E.P. N 161 Dr. Jose Francisco Quintana,Fotovoltaico,CORRIENTES,LAVALLE,,No,0101000020E6100000492EFF21FD664DC0D9CEF753E3353DC0,""{""""type"""":""""Point"""",""""coordinates"""":[-58.8046,-29.2105]}"""
",Fotovoltaico,CORRIENTES,ESQUINA,Esquina,No,0101000020E61000002A7A3B1D23814DC09FE74F1BD5933DC0,""{""""type"""":""""Point"""",""""coordinates"""":[-59.0088841,-29.5774705]}"""
",Fotovoltaico,CORRIENTES,ESQUINA,Esquina,No,0101000020E610000073A7CF69717A4DC03B14AA40D2903DC0,""{""""type"""":""""Point"""",""""coordinates"""":[-58.9565861,-29.5657082]}"""
"Escuela N 284,Fotovoltaico,CORRIENTES,ESQUINA,,No,0101000020E61000009A779CA223814DC0A4703D0AD7933DC0,""{""""type"""":""""Point"""",""""coordinates"""":[-59.0089,-29.5775]}"""
"Escuela Placios.S.,Fotovoltaico,CORRIENTES,ESQUINA,,No,0101000020E610000043AD69DE717A4DC0E25817B7D1903DC0,""{""""type"""":""""Point"""",""""coordinates"""":[-58.9566,-29.5657]}"""
"Escuela N 366,Fotovoltaico,CORRIENTES,ESQUINA,,No,0101000020E6100000E59404D1285C4DC096B7C0715B8C3DC0,""{""""type"""":""""Point"""",""""coordinates"""":[-58.71999562,-29.54827033]}"""
"Escuela N 193,Fotovoltaico,CORRIENTES,SAN LUIS DEL PALMAR,,No,0101000020E6100000CC7F48BF7DF54CC0075F984C158C3BC0,""{""""type"""":""""Point"""",""""coordinates"""":[-57.9179,-27.5472]}"""
"Escuela N 208,Fotovoltaico,CORRIENTES,GENERAL PAZ,,No,0101000020E610000061A7583508DF4CC001309E41438B3BC0,""{""""type"""":""""Point"""",""""coordinates"""":[-57.742438,-27.543995]}"""
",Fotovoltaico,CORRIENTES,SALADAS,San Lorencito,No,0101000020E61000004E62105839344DC0AF946588630D3CC0,""{""""type"""":""""Point"""",""""coordinates"""":[-58.408,-28.0523]}"""
",Fotovoltaico,CORRIENTES,SALADAS,San Lorencito,No,0101000020E6100000ADA7D22639344DC0CD597E64630D3CC0,""{""""type"""":""""Point"""",""""coordinates"""":[-58.40799413,-28.05229786]}"""
"E.P N 307 Hilarion Ursulo Riquelme,Fotovoltaico,CORRIENTES,SALADAS,,No,0101000020E61000004E62105839344DC0AF946588630D3CC0,""{""""type"""":""""Point"""",""""coordinates"""":[-58.408,-28.0523]}"""
",Fotovoltaico,CORRIENTES,SAN LUIS DEL PALMAR,San Luis del Palmar,No,0101000020E6100000486DE2E47EF54CC0325A4755138C3BC0,""{""""type"""":""""Point"""",""""coordinates"""":[-57.917935,-27.54717]}"""
",Fotovoltaico,CORRIENTES,SAN LUIS DEL PALMAR,Lomas de Galarza,No,0101000020E6100000371AC05B20094DC0C520B07268813BC0,""{""""type"""":""""Point"""",""""coordinates"""":[-58.0713,-27.5055]}"""
",Fotovoltaico,CORRIENTES,SAN LUIS DEL PALMAR,Costa Grande,No,0101000020E61000005A643BDF4F0D4DC01895D40968723BC0,""{""""type"""":""""Point"""",""""coordinates"""":[-58.104,-27.4469]}"""
",Fotovoltaico,CORRIENTES,SAN LUIS DEL PALMAR,Tres Cruces,No,0101000020E6100000EA04341136044DC032E6AE25E4933BC0,""{""""type"""":""""Point"""",""""coordinates"""":[-58.0329,-27.5777]}"""
",Fotovoltaico,CORRIENTES,SAN LUIS DEL PALMAR,Costa Grande,No,0101000020E6100000F2B0506B9A074DC0FF21FDF675703BC0,""{""""type"""":""""Point"""",""""coordinates"""":[-58.0594,-27.4393]}"""
",Fotovoltaico,CORRIENTES,SAN LUIS DEL PALMAR,Laguna Negra,No,0101000020E61000009EEFA7C64B0F4DC08638D6C56D843BC0,""{""""type"""":""""Point"""",""""coordinates"""":[-58.1195,-27.5173]}"""
",Fotovoltaico,CORRIENTES,SAN LUIS DEL PALMAR,Riachuelo San Jose,No,0101000020E61000001D5A643BDF3F4DC0AED85F764F6E3BC0,""{""""type"""":""""Point"""",""""coordinates"""":[-58.499,-27.4309]}"""
",Fotovoltaico,CORRIENTES,SAN LUIS DEL PALMAR,Albardones,No,0101000020E6100000E4839ECDAA0F4DC0022B8716D99E3BC0,""{""""type"""":""""Point"""",""""coordinates"""":[-58.1224,-27.6205]}"""
",Fotovoltaico,CORRIENTES,SAN LUIS DEL PALMAR,Albardones,No,0101000020E610000068093202AA0F4DC02A9EC431DC9E3BC0,""{""""type"""":""""Point"""",""""coordinates"""":[-58.12237575,-27.6205474]}"""
",Fotovoltaico,CORRIENTES,SAN LUIS DEL PALMAR,San Luis del Palmar,No,0101000020E610000066AE800021094DC0ED9736B96B813BC0,""{""""type"""":""""Point"""",""""coordinates"""":[-58.07131964,-27.50554998]}"""
"E.P.N 437,Fotovoltaico,CORRIENTES,SAN LUIS DEL PALMAR,,No,0101000020E6100000371AC05B20094DC0C520B07268813BC0,""{""""type"""":""""Point"""",""""coordinates"""":[-58.0713,-27.5055]}"""
"Escuela N 754 Maria A. Correa de Cabral,Fotovoltaico,CORRIENTES,SAN LUIS DEL PALMAR,,No,0101000020E61000005A643BDF4F0D4DC01895D40968723BC0,""{""""type"""":""""Point"""",""""coordinates"""":[-58.104,-27.4469]}"""
"Escuela N 122 Pedro Cristaldo,Fotovoltaico,CORRIENTES,SAN LUIS DEL PALMAR,,No,0101000020E6100000EA04341136044DC032E6AE25E4933BC0,""{""""type"""":""""Point"""",""""coordinates"""":[-58.0329,-27.5777]}"""
"Escuela N 886,Fotovoltaico,CORRIENTES,SAN LUIS DEL PALMAR,,No,0101000020E6100000F2B0506B9A074DC0FF21FDF675703BC0,""{""""type"""":""""Point"""",""""coordinates"""":[-58.0594,-27.4393]}"""
"Escuela N 534,Fotovoltaico,CORRIENTES,SAN LUIS DEL PALMAR,,No,0101000020E61000009EEFA7C64B0F4DC08638D6C56D843BC0,""{""""type"""":""""Point"""",""""coordinates"""":[-58.1195,-27.5173]}"""
"Escuela N 876,Fotovoltaico,CORRIENTES,SAN LUIS DEL PALMAR,,No,0101000020E61000001D5A643BDF3F4DC0AED85F764F6E3BC0,""{""""type"""":""""Point"""",""""coordinates"""":[-58.499,-27.4309]}"""
"E.P. N 845,Fotovoltaico,CORRIENTES,SAN LUIS DEL PALMAR,,No,0101000020E6100000E4839ECDAA0F4DC0022B8716D99E3BC0,""{""""type"""":""""Point"""",""""coordinates"""":[-58.1224,-27.6205]}"""
"Escuela N 110 Jose Maria Yanez Calderon,Fotovoltaico,CORRIENTES,SAN LUIS DEL PALMAR,,No,0101000020E61000006C16BBBF72174DC0A851CC6A4F773BC0,""{""""type"""":""""Point"""",""""coordinates"""":[-58.18318936,-27.46605556]}"""
",Fotovoltaico,CORRIENTES,ESQUINA,Esquina,No,0101000020E6100000B8D33142D3924DC09DBAF2599ED33DC0,""{""""type"""":""""Point"""",""""coordinates"""":[-59.1470721,-29.826635]}"""
"Escuela N 905,Fotovoltaico,CORRIENTES,ESQUINA,,No,0101000020E6100000ED9E3C2CD4924DC0A4DFBE0E9CD33DC0,""{""""type"""":""""Point"""",""""coordinates"""":[-59.1471,-29.8266]}"""
"Escuela N 806,Fotovoltaico,CORRIENTES,SAUCE,,No,0101000020E610000056F58F1192444DC00D4B0BB0F2FC3DC0,""{""""type"""":""""Point"""",""""coordinates"""":[-58.53570766,-29.98807812]}"""
",Fotovoltaico,CORRIENTES,ESQUINA,Esquina,No,0101000020E61000001390A3F795B34DC08E528D878CEF3DC0,""{""""type"""":""""Point"""",""""coordinates"""":[-59.40301414,-29.93573806]}"""
",Fotovoltaico,CORRIENTES,ESQUINA,Esquina,No,0101000020E610000072C13A0A679A4DC0735E8C16DAF03DC0,""{""""type"""":""""Point"""",""""coordinates"""":[-59.20626953,-29.94082776]}"""
"Escuela Primera Junta,Fotovoltaico,CORRIENTES,ESQUINA,,No,0101000020E6100000DD24068195B34DC001DE02098AEF3DC0,""{""""type"""":""""Point"""",""""coordinates"""":[-59.403,-29.9357]}"""
"Escuela N 31,Fotovoltaico,CORRIENTES,ESQUINA,,No,0101000020E61000001895D409689A4DC0A913D044D8F03DC0,""{""""type"""":""""Point"""",""""coordinates"""":[-59.2063,-29.9408]}"""
",Fotovoltaico,BUENOS AIRES,LAS FLORES,El Tropezon,No,0101000020E61000001973D712F2914DC0D044D8F0F4F241C0,""{""""type"""":""""Point"""",""""coordinates"""":[-59.1402,-35.8981]}"""
"Escuela Nº 148 ""Policía de la Provincia de Jujuy"",Fotovoltaico,JUJUY,VALLE GRANDE,San Lucas,No,0101000020E61000001D3D7E6FD34250C001A777F17E9C37C0,""{""""type"""":""""Point"""",""""coordinates"""":[-65.044155,-23.611312]}"""
"Escuela Nº 233 ""Maestro José Amancio Aparicio"",Fotovoltaico,JUJUY,VALLE GRANDE,Santa Bárbara,No,0101000020E6100000E8BCC62E514050C0C2BE9D44849F37C0,""{""""type"""":""""Point"""",""""coordinates"""":[-65.004955,-23.623112]}"""
"Escuela Nº 351 ""José María Fascio"",Fotovoltaico,JUJUY,TILCARA,El Durazno,No,0101000020E610000037AAD381AC4D50C0E36E10AD159D37C0,""{""""type"""":""""Point"""",""""coordinates"""":[-65.213654,-23.613612]}"""
"Escuela Nº 104 ""Ojo de Agua"",Fotovoltaico,JUJUY,SANTA BÁRBARA,Pie de la Cuesta,No,0101000020E6100000F0A5F0A0D91350C0852348A5D84138C0,""{""""type"""":""""Point"""",""""coordinates"""":[-64.310158,-24.257212]}"""
"Escuela Nº 76 ""Juan Bautista Ambrosetti"",Fotovoltaico,JUJUY,TILCARA,Molulo,No,0101000020E6100000B745990D324A50C043ACFE08C39037C0,""{""""type"""":""""Point"""",""""coordinates"""":[-65.159305,-23.565476]}"""
"Escuela Nº 219,Fotovoltaico,JUJUY,TILCARA,Yaquispampa,No,0101000020E610000016FA60191B5050C02F14B01D8CBC37C0,""{""""type"""":""""Point"""",""""coordinates"""":[-65.251654,-23.736513]}"""
"Escuela Nº 196,Fotovoltaico,JUJUY,TILCARA,Loma Larga,No,0101000020E6100000D3A3A99ECC4A50C04704E3E0D28937C0,""{""""type"""":""""Point"""",""""coordinates"""":[-65.168739,-23.538374]}"""
"Escuela Nº 237,Fotovoltaico,JUJUY,VALLE GRANDE,Caspalá,No,0101000020E6100000D3DD7536E44550C0AA29C93A1C5D37C0,""{""""type"""":""""Point"""",""""coordinates"""":[-65.092054,-23.363712]}"""
"Escuela Nº 130,Fotovoltaico,JUJUY,VALLE GRANDE,Alto Calilegua,No,0101000020E6100000581CCEFC6A3950C033FCA71B289037C0,""{""""type"""":""""Point"""",""""coordinates"""":[-64.897155,-23.563112]}"""
",Fotovoltaico,RIO NEGRO,ÃORQUINCO,Chacay Huarruca,No,0101000020E61000001CB0EDE5A5AD51C0B3CE7CF75CD744C0,""{""""type"""":""""Point"""",""""coordinates"""":[-70.71325062,-41.68252462]}"""
"Escuela Nº 89 ""Salvador de Benedetti"",Fotovoltaico,JUJUY,VALLE GRANDE,Caspalá,No,0101000020E6100000D6C4025FD14B50C0FB9463B2B86F37C0,""{""""type"""":""""Point"""",""""coordinates"""":[-65.184654,-23.436412]}"""
"Escuela Nº 358 ""Rosario Vera Peñaloza"",Fotovoltaico,JUJUY,VALLE GRANDE,Caspalá,No,0101000020E610000061DEE34C135350C01E6FF25B74C637C0,""{""""type"""":""""Point"""",""""coordinates"""":[-65.298053,-23.775213]}"""
",Fotovoltaico,CORRIENTES,,,No,0101000020E6100000C8B3CBB73E9A4DC09DBD33DAAA303EC0,""{""""type"""":""""Point"""",""""coordinates"""":[-59.205039,-30.190107]}"""
",Fotovoltaico,CORRIENTES,,,No,0101000020E610000071E6577380904DC0389F3A5629713DC0,""{""""type"""":""""Point"""",""""coordinates"""":[-59.12892,-29.442037]}"""
",Fotovoltaico,CORRIENTES,,,No,0101000020E610000083DF8618AF2B4DC088A1D5C919B63BC0,""{""""type"""":""""Point"""",""""coordinates"""":[-58.341281,-27.711331]}"""
",Fotovoltaico,LA RIOJA,,,,0101000020E6100000D5D0066003984DC07F6DFDF49FE53CC0,""{""""type"""":""""Point"""",""""coordinates"""":[-59.187603,-28.896972]}"""
",Fotovoltaico,SANTA FE,,,,0101000020E6100000D5D0066003984DC07F6DFDF49FE53CC0,""{""""type"""":""""Point"""",""""coordinates"""":[-59.187603,-28.896972]}"""
",Fotovoltaico,SANTA FE,,,,0101000020E6100000D5D0066003984DC07F6DFDF49FE53CC0,""{""""type"""":""""Point"""",""""coordinates"""":[-59.187603,-28.896972]}"""
",Fotovoltaico,CORRIENTES,,,No,0101000020E6100000C8B3CBB73E9A4DC09DBD33DAAA303EC0,""{""""type"""":""""Point"""",""""coordinates"""":[-59.205039,-30.190107]}"""
",Fotovoltaico,CORRIENTES,,,No,0101000020E610000071E6577380904DC0389F3A5629713DC0,""{""""type"""":""""Point"""",""""coordinates"""":[-59.12892,-29.442037]}"""
",Fotovoltaico,CORRIENTES,,,No,0101000020E610000083DF8618AF2B4DC088A1D5C919B63BC0,""{""""type"""":""""Point"""",""""coordinates"""":[-58.341281,-27.711331]}"""
",Fotovoltaico,TUCUMAN,,,,0101000020E6100000037AE1CE857A50C09885764EB3543BC0,""{""""type"""":""""Point"""",""""coordinates"""":[-65.914417,-27.330861]}"""
",Fotovoltaico,TUCUMAN,,,,0101000020E6100000037AE1CE857A50C09885764EB3543BC0,""{""""type"""":""""Point"""",""""coordinates"""":[-65.914417,-27.330861]}"""
",Fotovoltaico,ENTRE RIOS,Islas,,,0101000020E6100000CB2E185C73B94DC03D0D18247D9E40C0,""{""""type"""":""""Point"""",""""coordinates"""":[-59.448833,-33.238194]}"""
